0.000000000 0.678224469385214 0.225279665191322 -0.407936764605314 0.275104535406038 0.0485743801335685 9.82527523218745
0.005000000 0.539827672550375 -0.199542755819644 0.783058904010364 -0.433370507989717 -0.295083305470219 9.81374642484243
0.010000000 -0.827888304287516 -0.615572308011154 0.32645385401624 0.780465205097788 -0.302214129502985 9.8066227392663
0.015000000 -0.87380832334692 -0.52344009164881 0.941268263357351 0.804416146969616 0.701839573542513 9.58944120781549
0.020000000 0.520497472733491 0.0250707282801488 0.335447521570813 0.0632128683213204 -0.921439313293174 9.71300732877414
0.025000000 0.477068629803634 0.279957633130233 -0.291902640504717 0.375722780533006 -0.668051667356888 9.6966529305976
0.030000000 0.786744829167959 -0.299279642896391 0.373339816636098 0.912936505821038 0.177280266386122 9.79125375991338
0.035000000 0.847939577814163 -0.203126666696336 0.629533792673393 0.368437050547654 0.821944061583813 9.84162504472293
0.040000000 -0.136093163460536 0.239192967880141 -0.437881175166872 0.572004196034746 -0.385084252518175 9.74529526259702
0.045000000 -0.447530655864408 0.112887510616746 -0.166997438840101 -0.660785827627771 0.813607867720354 9.80868674573752
0.050000000 0.520950456858124 0.969503330052599 0.870007973103788 0.368890033740965 -0.233623337575059 9.66725953383993
0.055000000 -0.535476922772581 0.168977001294949 -0.511174528631929 -0.695220416269833 0.464297031734277 9.75910306515557
0.060000000 0.490142778256043 -0.850940398802487 0.900208063377164 -0.894941475193455 0.0431267596050755 9.88304189131018
0.065000000 0.465308823373778 0.313127305970121 0.934810277044219 0.278916691094133 0.519469683766118 9.81618353370894
0.070000000 -0.84353571657256 -0.860187204489572 -0.590689827497438 -0.0771590532162968 0.639354560356287 9.83335774618595
0.075000000 -0.749063048394892 0.995597998609579 -0.891884844699821 0.741079729861151 -0.855342401124231 9.82638800688102
0.080000000 -0.639255468565624 -0.673737001453404 -0.21661953870981 0.826053354808154 0.63939030544804 10.0248960086093
0.085000000 -0.09484830829075 0.37477486924025 -0.800719872955568 0.0616159760680124 0.514587664750678 9.81185033695436
0.090000000 0.755227556338174 0.495618592712851 0.25781986269067 -0.929158186507019 0.495605733942057 9.85159555886249
0.095000000 0.967191476359587 0.33376066914469 -0.00548296189190955 -0.67206399313736 0.660023667691287 9.83195090029546
0.100000000 -0.503911763198633 0.258959406641759 -0.541726040440484 0.40123992944194 -0.366265725049314 9.68403172154693
0.105000000 0.302264164808329 0.0213719424891154 0.942931419211874 -0.439915973432323 0.0922137559820961 9.80258452235738
0.110000000 0.185079837769773 0.888636192255018 -0.0981648839535959 -0.327297748684556 0.695368871882264 9.92569697786213
0.115000000 -0.532216590611365 0.350951960939426 -0.0340994405718983 -0.0361283538099976 -0.390088633350138 9.85449725969857
0.120000000 -0.918271394408434 -0.17203252072075 0.391967582233235 0.34787299267383 0.275280305778273 9.85157759584486
0.125000000 0.254315772677919 0.461458691145041 -0.343251123718569 0.480876882318816 -0.595574451422121 9.91935058027597
0.130000000 -0.485469035564675 0.0648819455247753 -0.824712743901048 -0.47900611510454 0.75476785551513 9.91397991745811
0.135000000 0.186422910162445 0.333113182025549 -0.422444449468723 0.551534485794387 -0.423241176373903 9.70678891156156
0.140000000 -0.12700600602059 0.91727392371617 0.837860776035982 0.529742870260842 0.398150806034985 9.71368927936428
0.145000000 0.548546989238144 0.886102548747371 0.83254582427095 0.723834245337096 -0.592903567288492 9.62790760868202
0.150000000 0.809864942827199 0.819285915149043 0.747957936370726 -0.00371214701035627 0.152399096243269 9.87652115985218
0.155000000 -0.0152023560438316 -0.0726756980049776 0.697884325728698 -0.00804520724715907 -0.417893428084391 9.92373998524889
0.160000000 -0.721883600448204 0.20621765274844 -0.015156563844139 0.676267205586781 0.448503976430979 9.80918747172915
0.165000000 -0.757482432647367 -0.723523092327417 -0.279114790856426 -0.350385999935859 0.863790587458662 9.91855425620646
0.170000000 0.636255223134651 -0.00785115966938954 -0.33005661858714 -0.211345680622079 0.317662327232613 9.74319251710298
0.175000000 -0.85490997873941 -0.784303435955338 0.294414763941623 -0.272803406823801 -0.423460959188389 9.79491695501496
0.180000000 0.868989293402522 0.167140596158402 -0.469077354049812 0.317493268902178 0.523555615694987 9.84269024380261
0.185000000 -0.584312817819562 0.115121225414389 -0.147601248299517 0.659878087071645 -0.211223246162396 9.92839105214665
0.190000000 0.277308293281732 0.969689254634869 -0.323514145483968 0.795120532529019 -0.727850776038995 9.73629611729174
0.195000000 -0.770664372374613 0.731069628955363 0.442011578680021 -0.901675079903414 -0.101789775817557 9.71540831061129
0.200000000 -0.0522120450866465 0.730362423570064 -0.812160978937597 -0.80088140713092 -0.234208134577707 9.91786667271468
0.205000000 -0.736595710616836 -0.896983427878927 -0.893155408973412 -0.0845687832145806 0.561736708302859 9.70899372343569
0.210000000 0.179273416837339 0.157269694449971 0.0597984385955139 0.19009051341102 -0.2761663176474 9.80398809536795
0.215000000 -0.660359464427624 0.219458229476334 0.051494231005895 0.237850760686142 0.192392454106543 9.80290442140854
0.220000000 -0.549018176062507 0.653538820172445 -0.41834267481153 -0.28561388574802 0.756555392293518 9.86326138279384
0.225000000 -0.927345200407945 -0.485062199404958 0.556514662483947 0.251928216429394 0.672207495045013 9.74501329618814
0.230000000 0.224884007696474 -0.780534620294596 0.349210487375599 0.56452454326885 0.438923609181737 9.64543876358982
0.235000000 -0.131982862545169 -0.538008097344082 -0.228503529554467 0.0656919800982307 -0.69055247664943 9.80971041547745
0.240000000 -0.235665707493045 -0.389183987578928 0.474815461540043 -0.47911031613085 0.299317928636129 9.83371729049179
0.245000000 0.619570592241162 0.395696446018152 -0.376099055342422 0.291778087286175 -0.987990454765032 9.84673710597255
0.250000000 0.285385054203395 0.0370297501967427 -0.198581904731031 -0.27569133754619 0.437734467646915 9.72127904986427
0.255000000 -0.934214699051443 -0.872878805675022 0.371443584268654 -0.624767175700873 0.23791666759081 9.89197086243721
0.260000000 0.715110424773353 -0.637677573430202 -0.317291058282038 0.334681017014515 0.75801887258795 9.88099555146928
0.265000000 -0.627470440057791 -0.685721633809489 0.00692196982303717 0.657914614145604 0.351308117318576 9.76779220754867
0.270000000 0.412133464315968 0.73784800047886 0.0947941891359139 0.477918765264525 0.864969195735161 9.8193233532067
0.275000000 0.866840044905823 -0.0111862397804792 0.105136821561091 0.878258329759472 0.599291393346755 9.98165716415386
0.280000000 0.990599892097805 0.87170348403589 -0.3509171657967 0.748618763754432 0.178313369480108 9.88690483880494
0.285000000 0.589820303763179 -0.474430849530935 0.208757543567921 -0.058871579849567 -0.666090784438928 9.71661465697659
0.290000000 0.223961444210243 0.193798014518711 0.29120296579376 0.0771130328425733 -0.703316124017963 9.93727097386686
0.295000000 0.0300981621398115 -0.774704119085662 -0.0203799964023661 0.0206980533062937 -0.903000635981094 9.96512282926502
0.300000000 -0.09575522555772 -0.712036003224569 -0.17384433707867 -0.505934921794541 -0.186466851824181 9.86659294906044
0.305000000 0.625894026656586 0.165364502540494 -0.106514956386068 -0.0452771545598643 0.990329695861009 9.83071957541731
0.310000000 0.194559520666748 -0.554795264059117 -0.560424328576971 0.260486313728842 0.847025434415334 9.57157083690844
0.315000000 0.701172891865099 0.905324503735325 0.897821648930116 0.798172255884005 0.534027340604937 9.66050860381944
0.320000000 -0.0448975381650485 0.899640652304348 -0.0676628067473242 0.768635610010771 0.934553858793598 9.95906060261763
0.325000000 0.532895194149062 0.809563016430271 -0.484829270972325 0.523224889078748 0.927009504254446 9.93815730187935
0.330000000 0.108896325858727 0.244333221225223 -0.617944663212609 -0.0440782406572617 -0.279789768755338 9.91027294488797
0.335000000 -0.780444622868879 -0.252888320597302 -0.60199453383777 0.293040366514139 0.185383794449914 9.74761092618239
0.340000000 0.12174353707663 0.12723487574944 -0.514748322551487 -0.962178490107031 -0.31231724066302 9.82728060664365
0.345000000 0.541371760676322 0.774394029646364 0.866545078282498 -0.653870690452806 -0.104036947295087 9.86565508188773
0.350000000 0.931363162552641 -0.689327237982921 -0.414221774513936 0.76440851658788 -0.26794411487316 9.7937535567012
0.355000000 -0.4540257572448 0.893280984784142 -0.755348372159222 0.731358037205114 0.246388912781323 9.72992916416036
0.360000000 -0.594046041180401 0.252250279883039 -0.647522427908854 -0.746661514857161 -0.544896231752306 9.79963020427198
0.365000000 0.297090248808772 0.830441174018402 -0.798286043944902 0.228453410430091 -0.858886064895841 9.52316833836328
0.370000000 -0.413645254175014 -0.511862556222762 0.824781083420283 0.132328988580186 -0.618581572369943 9.94001040810368
0.375000000 0.506765356989002 -0.287233951169641 0.995939790269332 -0.92866712339626 0.0470967502552535 9.93676656191449
0.380000000 -0.344767766699552 0.778686925665795 0.293423655113868 -0.317035251910349 -0.899664229666658 9.87211781366468
0.385000000 0.36384347051561 0.808374271638866 -0.374120571359117 0.504957406551092 -0.404133546819973 9.84704262028294
0.390000000 -0.893121202426553 -0.797091691660272 -0.685449813346122 -0.511702774796497 -0.727658980399211 9.80420411041377
0.395000000 -0.486061896889499 0.17402240968031 -0.662325666128809 0.169170337342271 -0.0472906655852173 9.81494038301697
0.400000000 0.16450028641359 0.458795400084367 -0.549528877041083 -0.4716562430708 0.26716967079191 9.69612530298464
0.405000000 0.0452573220456285 -0.198029297030545 -0.385663302329212 0.359807509630829 0.290267929104282 9.90206370822372
0.410000000 -0.334215907069955 -0.570952017591778 0.518416849672057 -0.483776654807747 0.367147994864335 9.82664899595152
0.415000000 0.201525289193506 -0.357044910712654 0.335920317720585 0.0536603736941053 0.696000194966793 9.78723283730482
0.420000000 0.0287643610633743 0.779625444570382 0.22282186952551 0.0620655236123435 0.642661567610997 9.72710509871953
0.425000000 -0.280115522109026 -0.912169391248454 -0.952273601643869 -0.989847593936067 -0.0254916739768776 9.89701326393391
0.430000000 0.0148191028343603 -0.0650582504761676 -0.843484235854579 -0.618032903232627 -0.0327032986249325 9.8918488929947
0.435000000 0.222482364262679 -0.8142831976592 0.923130347357658 0.734938138041151 -0.66781187973349 9.88741313467903
0.440000000 -0.986039769829269 0.157225148359884 0.472923763782216 0.487454142182811 0.845144038016509 9.78075567753352
0.445000000 -0.521358444132543 0.619485547588899 -0.809914504089353 0.493460658701817 -0.445572703818592 9.76627655471639
0.450000000 0.384926922332927 -0.0869716476122717 -0.131203809348496 0.308057268759262 -0.352033510502443 9.71211567603289
0.455000000 0.319755219537651 -0.771081937370394 0.761366348602514 0.164899256622838 -0.578273695697204 9.61548764720224
0.460000000 0.886444176494351 0.536411248862935 -0.755827501302505 -0.923470328526325 0.0298719066334292 9.78626147837586
0.465000000 -0.67967620756462 -0.383506289396205 -0.13248315971926 -0.989130219439571 0.299573098914499 9.72545395810202
0.470000000 0.56050103137293 0.571864623377037 0.369353599552696 0.820453007621902 0.734394694554803 9.81372420663687
0.475000000 -0.645734038970309 0.855731560781473 -0.780950831147354 -0.224007734667513 0.192382659387022 9.84653593318603
0.480000000 -0.186769890220263 0.644851716069901 0.155356507355048 0.843102016413166 -0.556548489982518 9.66879868706935
0.485000000 -0.805018850511414 0.615918517865203 -0.225354916055386 0.494554248403084 0.86836228047887 9.86280700441382
0.490000000 0.27040784120113 0.0322771356591383 0.249316317611056 0.00480253482461102 0.157625034059223 9.70636732733816
0.495000000 -0.712116739578599 -0.608204250041491 0.554820478686514 0.688562477793806 0.470622585839882 9.68589449067833
0.500000000 -0.788847396051906 0.77686570388119 -0.795533468851602 -0.0404457193987657 -0.459358993665948 9.90518391659754
0.505000000 0.89400192997139 -0.556164922917339 0.0138293081027592 0.556925467009156 0.872698388934461 9.86241987763472
0.510000000 0.289039683197178 0.746827636727517 -0.534303764595792 0.347992130251598 0.258718631816431 9.86658993219218
0.515000000 -0.943094924065794 0.180814223913855 0.235164370031638 0.527527661774088 0.548864812380106 9.76874040144452
0.520000000 -0.280428304001888 -0.11391472868338 -0.242579033245602 0.295044494464549 -0.798628638404714 9.83862168178925
0.525000000 -0.791651638127701 0.611577959550348 0.499437818070612 -0.202449035459407 -0.266407334835458 9.87698809320696
0.530000000 -0.863530370343258 0.803097232153219 -0.135601773455554 0.762463375815406 0.349699123459728 9.6251804595906
0.535000000 -0.551169036678583 -0.507857588821956 0.153442055524067 -0.397662282640889 -0.747840173425078 9.60831420087223
0.540000000 -0.615028408176745 0.717731969299601 -0.733223983893741 -0.413657046581459 -0.630845135837256 9.78071166383356
0.545000000 0.617233547203817 0.300981440255875 0.375054191506959 -0.649173788562964 -0.91054106033898 9.7729414453411
0.550000000 0.722530023065642 -0.585486661449767 0.988391945133168 0.0722291455940478 0.335816641960208 9.7384971423339
0.555000000 -0.613014678290586 0.675971781684073 -0.690578986746529 0.347296324254617 -0.352296695742894 9.57221299127829
0.560000000 0.280735558495268 0.434183157716963 -0.079865091983166 0.0822791806805316 -0.988313616247994 9.86987007969712
0.565000000 -0.111805333342313 -0.527280440333896 0.306173366171389 -0.561690221336526 -0.301351871016133 9.62350743298447
0.570000000 -0.899067467031566 -0.811360240826085 0.618709618048142 0.758025172053848 0.97328736445554 9.72556977581215
0.575000000 -0.281506646089957 -0.122019121014522 0.70756901041957 0.366196658167148 0.572373484062205 9.78775565373646
0.580000000 -0.793219540171893 0.200810886547347 0.935388223238004 -0.781533156419887 0.738179341767998 9.7486725063512
0.585000000 -0.208631597090807 -0.0886192159208559 0.0646837870891597 0.490016532824382 0.940084172384853 9.6834480027155
0.590000000 -0.560293285902726 0.556781151125571 0.245582620261974 -0.852724276414478 -0.0770221916386029 10.0394078538636
0.595000000 0.671065146881652 0.126653486456095 -0.595535326560743 0.606453369188334 0.345120330036208 9.80703579204997
0.600000000 -0.230981977298382 -0.283529384659384 0.861708532023108 0.8337018107221 -0.793512852766324 9.78852944349487
0.605000000 0.842809408829924 0.857355379433071 -0.820690023629316 0.641851285305736 0.936789407365392 9.89605793789801
0.610000000 -0.476228155883135 0.497356732141858 -0.927008249762937 0.443644871676175 -0.298989480966232 9.8530523857124
0.615000000 0.350510265375725 0.915418688168478 0.248119206748958 0.275612477807148 -0.13425356481888 9.89169551359166
0.620000000 -0.417886007306113 -0.627942922351855 0.45940313276807 -0.238576030935429 -0.986091637977442 9.71178868891166
0.625000000 0.850757398573103 0.351388785686059 0.740105375526522 -0.448232083324451 0.0954456818734508 9.75986355630879
0.630000000 -0.774177580966697 -0.0946376850337897 0.721568424125001 0.0915688551457454 -0.0775004555832131 9.78848020109184
0.635000000 0.912221755791559 -0.651728508831807 -0.624613662075537 -0.505664252445877 -0.279671430252339 9.66608058167574
0.640000000 0.230982009894672 0.0347814592694777 -0.24240167962499 0.0036706686968313 0.388182125700723 9.93192932776049
0.645000000 0.387384140578743 0.0402365471423773 0.790707440018052 -0.517170178479129 0.350640279869847 9.9563017768657
0.650000000 -0.646687137729808 -0.349645808036274 -0.331968446882427 0.275812407618301 -0.635994291694832 9.67224914430628
0.655000000 -0.22943678834915 0.5556554363834 -0.740673201037884 -0.973677071730456 -0.710107632777704 10.006328989068
0.660000000 -0.506020523377704 -0.550713487691578 0.0834860434213123 0.794110650100797 0.688226035650925 9.9658292329185
0.665000000 -0.0462999944790732 -0.815012524749624 -0.0731159779583644 0.882485774290974 0.761450175084849 9.72458978672301
0.670000000 -0.443990708069872 -0.103154325440132 -0.0834628972613546 -0.394839717724752 0.173073137725272 9.85794268077981
0.675000000 0.307519404826462 0.28902441043827 0.969959277645666 0.597411772048758 -0.220666781636266 9.91929521577315
0.680000000 0.480350177493109 0.728388503998699 0.067423344155505 0.168576213144034 -0.800741312932568 9.88786265773338
0.685000000 -0.913241984282267 0.574393709923324 0.0354444668793326 0.848208190802582 -0.145409405764849 9.85254578290501
0.690000000 -0.534869893237422 0.194227020812327 -0.984239832490794 0.63820324448785 -0.0539090107446113 9.77297028160059
0.695000000 -0.665517811507693 0.551798870578315 0.851022165199286 0.113815406856041 -0.41713746516832 9.84298443751668
0.700000000 0.231788925468823 -0.576428185019841 0.356321986464933 0.879298612419189 0.576530507568517 9.71663528748127
0.705000000 0.291288192985248 -0.691717085284981 -0.819740594280763 0.568978111058929 0.718882800880299 9.90686635722495
0.710000000 -0.716407243030335 0.709296120195322 -0.219899252625135 0.865432350833636 0.96290651334585 9.86316386900593
0.715000000 -0.771601657276788 -0.999906244687692 -0.690146697540836 -0.384473555434716 -0.936693532362903 9.81950370661401
0.720000000 -0.0422617546479506 0.426399877027795 0.174394004593787 -0.465731248010756 -0.130520120789539 9.73111109868766
0.725000000 -0.0636307592800031 0.326503132156331 0.729746183254638 -0.344747958399704 0.971892645569468 9.77978339605201
0.730000000 -0.79775256654143 0.169995757364666 -0.879082248489876 -0.83484605319558 -0.715421306768163 9.75603842939258
0.735000000 0.128503481451656 0.601549194940156 -0.176897642750711 0.198581372014518 -0.103355412885247 9.8580898153059
0.740000000 -0.300875082286482 0.461353080096353 0.655229200448482 0.635494158433515 -0.212143787747316 9.77549136250567
0.745000000 0.877926697897691 -0.31935879090771 0.01523425849864 -0.919825869575062 0.850636967388278 9.73331841480233
0.750000000 -0.351807303424835 -0.787456291628748 -0.48665337147501 0.776696178958144 0.814092903311408 9.58838656262395
0.755000000 0.117289587444295 0.600258799083651 -0.218223917865299 0.432398942034877 0.0947199273364245 9.5998747946575
0.760000000 0.116395157350411 0.681608233452592 -0.865075490374619 0.407141357384222 -0.558642910587901 9.72443262398549
0.765000000 -0.926364807377739 0.267044338987695 -0.437235882243717 -0.278172110802574 0.479588047358947 9.88446063868317
0.770000000 -0.587440267944448 0.473801618196909 -0.99558156076613 0.529849319499847 0.074060416349238 9.72433729524582
0.775000000 -0.732904479714532 0.856000282734633 -0.0812705294607535 0.383490678567202 0.537608515255902 9.56332995812274
0.780000000 0.435556952578741 0.159530525635709 -0.183165866501241 -0.971699690433079 0.497883940813078 9.78630000422609
0.785000000 0.612297215318446 -0.22506730501776 0.136758804850634 -0.889178717457307 -0.93138635621005 9.61048044803863
0.790000000 -0.140773394676285 -0.958583883921888 -0.17253634015682 0.126322126540505 0.897416398812745 9.89629326829832
0.795000000 -0.200152890384268 0.300444839196487 0.413990517805326 0.866352297303431 -0.821140561169544 9.74736921128946
0.800000000 -0.122152220049013 -0.476233237179105 0.886162898450234 -0.826807572425719 -0.415585179541067 9.92360029671224
0.805000000 0.609281396311373 0.0167387663464709 0.27049216128443 0.193904296119653 0.0897708503016135 9.75309631365915
0.810000000 0.0753195821658335 -0.711507469281325 -0.573755599359868 0.585132386342218 0.723517443856 10.0116813098511
0.815000000 0.0924438075592946 0.0644366634378379 0.987055432045392 -0.881673370432888 -0.939869764232947 10.0492121379476
0.820000000 0.444753247054644 0.986220761195859 -0.0523181618434927 0.0540346424346951 0.00295952661100762 9.80174989343462
0.825000000 -0.958272167462051 -0.0410898518939921 -0.219422178910776 0.117047414703782 0.247402678824683 9.78865110696202
0.830000000 -0.567086267083458 0.587757024722061 -0.891571916589314 0.525357540475837 -0.347806312771424 9.76175656004407
0.835000000 -0.0396132744101869 -0.714222438500366 -0.341382942787084 0.998482364229151 0.512285775277897 9.78876734611512
0.840000000 -0.321858388987304 0.405343884325281 0.0803930270859938 0.245975627212774 0.505870434225477 9.84570188179628
0.845000000 0.493270477975379 -0.0586519264889191 -0.576791424107175 0.926184210891921 -0.470894902698181 9.87324773789262
0.850000000 -0.372879826171733 0.0952259204793842 0.893622708457346 0.58750689941808 0.381003481979018 9.7842077807638
0.855000000 -0.3443899309935 0.570692386278274 0.353256868828673 0.813015015708755 -0.441644964479676 9.92863597284463
0.860000000 0.277374107054143 -0.27577066667181 -0.239131077769739 0.482259881441602 0.0106775886428905 9.6450035233836
0.865000000 0.941385270069067 0.35775691054657 -0.569867724352455 -0.529509632629114 0.889393569850081 9.75554947039932
0.870000000 -0.0231000543679577 0.545411860358628 -0.895979358766218 -0.64209657238894 -0.902348374902433 9.66681109146898
0.875000000 0.260702289296641 -0.395550447234675 -0.4337232911185 0.819057325748288 -0.364151967393305 9.76202664910855
0.880000000 0.395482020171118 0.519542529023971 0.21871150621153 -0.669969645175137 -0.976509406220405 9.76520477201846
0.885000000 0.630587143651483 0.577180835221513 -0.664703104488879 0.282376295552764 -0.906305422962785 9.72303839664573
0.890000000 0.670100268754223 -0.0745602199223638 0.887725123152009 -0.0787070473091244 0.678701474181703 9.76261689941078
0.895000000 -0.0325152627343849 -0.838409462868427 -0.970386209883907 -0.574709875311102 -0.925187324138911 9.92585379452357
0.900000000 -0.941978740478856 0.862675941485295 0.800325050857069 -0.918488146699261 0.0227727168345697 9.72174388314012
0.905000000 0.0652931505186918 -0.129568380829677 0.935736155107495 0.158987727555906 -0.817371540617836 9.86175686067881
0.910000000 0.6889640901652 0.244428069910234 -0.225978319172737 0.36766556341558 -0.607144518572439 9.86924708801654
0.915000000 -0.538645277516286 0.642257536594876 0.785630343382075 -0.463832601655197 -0.819263733839273 9.85519376475102
0.920000000 0.294899460531259 -0.144595896426866 0.968403293736467 -0.639807389881372 0.725835722743457 9.73876766272529
0.925000000 0.761192910262008 -0.643372153697243 -0.87968864658833 -0.464785409842052 0.724293409718337 9.98784140288245
0.930000000 0.873507053532408 0.296333497993803 -0.0208053090706493 0.65913739598316 0.832500896338607 9.7169669471301
0.935000000 0.645750135018374 0.718957863617203 0.696046324305258 -0.05935040538169 -0.425638033740985 9.71414330933042
0.940000000 0.568589065023041 -0.179977458519851 -0.79133812980323 -0.763747178839402 0.695905825912909 9.86428123822513
0.945000000 -0.494930629383275 -0.682825922818308 -0.670615986767512 0.340048146126814 0.65411123244749 9.69455184660593
0.950000000 0.862028461816734 -0.531117460472098 0.79323688139824 0.950760634593089 -0.692154470687804 9.77913258125579
0.955000000 -0.105754741982443 0.485245194046407 0.692259465200947 -0.804912538176827 0.785442883048878 9.82522610065558
0.960000000 0.497101351384586 -0.288984170783769 0.963959532773103 -0.910017981152059 -0.47276699145919 9.77694156101414
0.965000000 0.809077049516643 -0.938732672454199 0.0595080885381942 -0.554541307294062 -0.305426749077359 9.65032050620763
0.970000000 -0.127702816914629 0.222186762477358 0.679735496491071 0.204060706870659 0.175782425876605 9.77001938014453
0.975000000 -0.924136083537776 -0.0758699807691714 -0.734884854282664 0.861306799511102 -0.815021451476506 9.77748066259211
0.980000000 -0.711600013874285 -0.820781985214344 0.375091009482318 -0.902522965288965 -0.759514657668543 9.7852652999347
0.985000000 0.356135647444118 0.457276960582136 0.42286872557498 -0.771567170401834 -0.320536277871829 9.84679767121954
0.990000000 0.693222944481868 -0.335635908569971 0.92527383189894 0.769086861875414 0.588494110660858 9.81723296950819
0.995000000 0.470614127568255 0.485805212280622 0.455552560023755 0.461855106736466 0.305176295947831 9.91325610737427
1.000000000 0.691053317715904 0.64731783589689 0.790019201016994 -0.766010955798445 -0.417623570849012 9.71407828000221
1.005000000 0.107849375860696 -0.192918785471897 -0.774024126014683 -0.198927679657437 0.471445305958132 9.83523602923315
1.010000000 -0.658361317430791 -0.799447159189473 -0.166587925127981 0.812252811068787 0.686358053091149 9.80297755854313
1.015000000 0.516579112744229 0.254437011319416 -0.414889369818796 -0.0765883946216611 -0.390142885684102 9.72030855564348
1.020000000 -0.489847008832659 0.153105870426216 0.54603116286268 -0.798581004048968 0.158351025152184 9.74020217308995
1.025000000 0.727700054518739 -0.201875404083112 0.0672727213554423 0.199145359545548 -0.0506256981988558 9.84492326039076
1.030000000 0.837984743452624 0.0924968501052339 0.103265794507817 0.524342796543773 0.381461484069685 9.77542385584484
1.035000000 0.631810722701163 0.100987773901312 0.821452202192253 -0.758332163914262 0.377151720867097 9.84888862877072
1.040000000 0.545287513893697 -0.812424687581335 -0.91127629201453 -0.296361461885442 0.108194152409301 9.54677961527129
1.045000000 0.458997026765252 -0.962888340448443 -0.964960435389057 -0.591628672364926 0.674543562193654 9.85464679704557
1.050000000 0.386621189949392 -0.197349893486756 0.0368711012587282 -0.231917326912245 0.180023817894991 9.77702331558665
1.055000000 -0.346263981119852 0.487575472093921 0.0535023757505708 -0.969112261184078 0.879757114630079 9.80921779661181
1.060000000 -0.332211410315806 0.0985221048344496 0.826710197993885 -0.873214384481876 0.135633765317329 9.74724147356368
1.065000000 -0.844125898482337 -0.765458745772698 -0.677294368705384 0.542495291467055 0.0371913607405459 9.83786054007804
1.070000000 0.0290497173690469 0.566060996412328 0.464276705619077 -0.917447907811705 0.59694873522825 9.83914316357255
1.075000000 -0.230921553089713 0.66022045801404 0.522057345845763 -0.1022383873827 -0.348963551851438 9.83282145524233
1.080000000 -0.660503592184048 -0.148211506730044 0.942094809348739 -0.504629490666385 0.0863297484285803 9.76373105787212
1.085000000 -0.659263713126659 -0.463297850202442 -0.674855001119364 0.369786004242388 -0.897236854721437 9.88175099615205
1.090000000 0.133455524748869 0.229936715788178 0.214853067516747 0.902533971659156 -0.109842827129105 9.94917104815762
1.095000000 -0.0732436520388553 -0.203420698271795 -0.981059733769419 0.243387898077903 0.928496784497284 9.9979764902124
1.100000000 -0.864607967373267 -0.10832701581918 0.305027248014243 0.759769206754756 0.2401167495363 9.85012630036242
1.105000000 0.0155495391299714 -0.600765498169123 0.354683453847972 -0.532112364439346 -0.90105361766231 9.85243982002914
1.110000000 -0.609327051606647 -0.412018476711595 -0.949290138645698 0.190968532669809 -0.87082485662346 9.74306082134109
1.115000000 0.786636210878676 0.360359267965126 0.497536638517648 0.922028243505409 -0.747967748785376 9.85873315876716
1.120000000 -0.551672579511848 0.978268805881156 0.0574107500991834 0.463876959618124 -0.622496693219289 9.94255305456263
1.125000000 0.790249138972838 0.290906129074705 -0.78242953204663 0.84095900032714 -0.518125338255486 9.6660868265682
1.130000000 -0.505138978131646 0.0392793170359356 -0.614532886824819 0.00141310552200902 0.355309815777144 9.78076982963533
1.135000000 -0.905868434303379 -0.386195375298241 0.655410338964039 0.775929015956786 -0.894046374547317 9.83155471208071
1.140000000 0.567614718138992 -0.868298873243993 0.5754585785677 0.499379312386447 -0.391849184125592 9.67371264725047
1.145000000 0.766597887392434 0.346538725004782 -0.760641046688259 -0.751527451794374 0.693284337266015 9.73648198194141
1.150000000 -0.90293652094106 0.103362157523335 0.189558463725056 0.452373294836084 0.27546548064587 9.85597400647026
1.155000000 -0.834864539017372 0.960630087163593 0.145526061367954 -0.728910913564689 -0.935632155246861 9.89490410270346
1.160000000 0.0314250080992584 0.0099120396235548 0.131361875278578 0.639575823973667 0.485603797941284 9.81375508702088
1.165000000 0.606868857334772 -0.722665268798669 0.500674233539344 0.300153193669465 0.335118894155658 9.89667607490673
1.170000000 0.32193143447951 -0.322142984402433 -0.115444331949318 -0.402603085805943 -0.770812148121564 9.96492503723825
1.175000000 -0.334587600703625 0.214773347235645 -0.987756097683569 -0.90013413964777 -0.153244089872224 9.83503511972877
1.180000000 -0.316755265610644 -0.404618303014253 -0.761552082263656 -0.278779487721054 0.847583381388142 10.0154055546002
1.185000000 0.145469968740582 -0.666325863295386 0.566826890952339 -0.366231480318229 0.765856510850534 9.67996703549977
1.190000000 0.486155238694584 0.540813387157774 0.840187595151452 0.453149199231132 0.935136700018838 9.71167122882969
1.195000000 -0.794633556993042 -0.422086877479258 -0.299585041263879 0.0521223540660563 0.621582033867753 9.68967310501961
1.200000000 -0.59442544523367 0.268688057208754 0.0260472805360552 -0.746842063845527 0.114004831348548 9.77630248471477
1.205000000 -0.641723340210376 0.168242441102975 -0.1067566802291 -0.875866829359842 -0.942999235327821 9.94458882245368
1.210000000 0.745682242208012 -0.385267056238496 -0.00369479740210565 0.680818941295528 0.60532604046414 9.80835723212784
1.215000000 -0.137185163394169 0.7614695791907 -0.208024142872553 0.893054976078242 -0.933703653483514 9.93855490578976
1.220000000 0.450708348048249 -0.724252136295779 0.116946150137552 0.0521238981988859 -0.464777337137972 9.84294423856461
1.225000000 0.599355980567334 -0.722632896957282 0.633334837683167 -0.626098670822614 0.820523107340803 9.55008405713285
1.230000000 0.0598360193240624 -0.406039687528293 -0.621197269121742 0.341204059003482 -0.595347204057196 9.85141087195586
1.235000000 -0.719840145539418 0.114962914546469 0.160522608626877 -0.653543799022932 -0.687486674491077 9.87189001340329
1.240000000 -0.401986496244551 -0.44425402276416 -0.184654428243942 0.1332361675488 -0.969031213768307 9.89441959309352
1.245000000 0.313079013169314 -0.80496301399775 -0.995773904023587 0.133602120510117 0.574054064962107 9.75891950007903
1.250000000 0.975094143289651 0.991473478261136 -0.152076563403046 -0.70191880022265 0.258941110809772 9.71511694308247
1.255000000 0.474539492034604 0.725557440764065 -0.258270641443446 -0.0866606808671079 0.488779114321237 9.74056750845543
1.260000000 -0.527020970139197 0.500054082600425 0.339836595272569 0.0346811791112094 0.130378849399452 9.92631462768749
1.265000000 0.786517728020678 -0.196227769924434 -0.872534684777509 0.73694815753817 0.437662314361735 9.7958873426528
1.270000000 0.710837657428737 -0.0352994143195913 -0.957811956274236 0.123881771752556 0.384164304185735 9.7417419467546
1.275000000 -0.569933146038062 -0.661781675024788 0.465636525054293 0.89915215033067 -0.357656989878815 9.6367816974959
1.280000000 -0.364904788027008 -0.796985100860235 0.664190027706413 -0.578387060006329 0.00678712921533142 9.76347609309079
1.285000000 0.857205901228453 0.211700814409042 0.138847167202666 0.568043557725867 -0.823598600841872 9.92716462774595
1.290000000 -0.302237254242523 0.541364540132398 0.686459366086153 0.127829599719415 0.87958286510761 9.63864526091171
1.295000000 0.0907114451242199 -0.573812019812787 -0.495894521240096 -0.935991821780797 -0.0442269384135617 9.76970448803988
1.300000000 0.56081363165789 0.2738102065743 -0.588381569640889 0.719374728258408 0.718259650151366 9.95786460104382
1.305000000 0.143509108174364 0.30566198439601 -0.736000481870026 0.835434436721464 -0.133772313191449 9.69797352407304
1.310000000 -0.910408137324456 0.25638184103015 0.704782943103827 0.116573611794307 0.778307716258945 9.75815127388277
1.315000000 -0.140497434484073 -0.501465346432042 0.421613885751746 0.126525642874896 0.118497741929487 9.87250590595795
1.320000000 -0.298197756194602 -0.881404501330761 0.447675943117438 -0.354080615264401 0.694061049117735 9.78649230420307
1.325000000 0.882598510888684 0.99288321099844 -0.32699540691776 -0.251173802302766 -0.0453545260454317 9.84164823578927
1.330000000 0.306185410034929 0.00629619183311991 -0.839189052506904 0.0844931253625514 0.801790579129844 9.69694740185892
1.335000000 -0.797892806957426 -0.211479794798177 0.787818786589344 0.320604934972061 0.770947722611459 9.66075056943539
1.340000000 -0.693249866223545 -0.701602950553225 0.118669351152456 -0.999188818037132 -0.124666423129228 9.62521085346627
1.345000000 -0.159563745911961 0.511385932337207 0.506758284525368 0.795081728042607 0.561189501341986 9.65055083570643
1.350000000 0.814567726019103 0.000130012165815652 0.951868036739467 0.616358305148947 -0.296297448359568 9.79544431125728
1.355000000 -0.892705439539955 -0.934529765478582 -0.773585320344933 0.878242283071504 -0.746375130371365 9.7546525933259
1.360000000 0.375532837293824 0.469661599709495 -0.438813814632042 -0.749133586766726 -0.682785358132229 10.0812995268592
1.365000000 -0.0890465439711914 -0.484443215413225 -0.0472673760015832 -0.527857043560528 0.323828318772758 9.88562112107688
1.370000000 -0.207818300094371 0.291385903624532 -0.245245651921837 0.495884252477383 -0.389839741117246 9.75511531205542
1.375000000 0.0978760314629767 -0.371891324115866 -0.404302897585697 0.351500901091611 0.705244463731183 9.81524532873768
1.380000000 -0.583649050250486 -0.526937911066663 0.331643713326959 -0.266434408382715 0.872629614487584 9.79611786900147
1.385000000 -0.144001002956182 -0.156050888428488 0.255726026955864 -0.820172685114747 -0.363999200688675 9.93724141102757
1.390000000 0.886629797465461 -0.927022293176047 -0.0759332492369847 -0.503209944583108 0.105383503765512 9.72530028884392
1.395000000 0.953869423807538 0.809941977173994 0.554760435388778 0.659113886607398 -0.243368672785987 9.92946586098762
1.400000000 0.939698428818815 -0.928465101834603 0.906547869512135 0.812328042375076 -0.588022888446237 9.90404424337264
1.405000000 -0.358286532274581 0.851637137984688 0.447803424414156 0.277714267036745 -0.553118969105705 9.70701544512677
1.410000000 -0.1609955100161 0.629963517016714 -0.169699117154674 0.944387994680734 -0.044275735991204 9.80171737241999
1.415000000 0.854487734779011 0.702407964366678 -0.431292426507591 -0.388880938006975 0.169044302389512 9.82328136702656
1.420000000 0.380133658358889 0.690649207537365 -0.078929228279241 0.792110769912652 0.488413563691272 9.73614139444994
1.425000000 0.368619020734271 -0.492109698938257 0.407841297522113 0.815500052559888 0.27391708422169 9.80697563973661
1.430000000 -0.942690432044999 -0.300574157061323 0.0238575204386644 -0.795042903998421 0.609019529823689 9.83585359513797
1.435000000 0.486325862578268 0.27356565523593 -0.814847907896548 -0.133540479994165 -0.0357851381580276 9.69765452289736
1.440000000 -0.376795252494884 0.718657166566074 -0.417244543981387 0.991823768239386 -0.773452532372182 9.83389959827125
1.445000000 -0.895665183614784 0.956334699856273 0.613386126055096 0.84803639624642 -0.064353538241402 9.90260887434878
1.450000000 -0.665791129537761 -0.672686448168329 -0.14057278779362 0.820534733040507 0.600879207067601 9.68177685074272
1.455000000 -0.849197830934635 0.345564541102184 0.0177224935114955 -0.22599308342952 0.0642217067369362 9.96461525671229
1.460000000 0.591074704002158 -0.426845496253504 -0.208766273785739 0.695409520387374 -0.470510797328553 9.88527417449453
1.465000000 -0.924684454651868 -0.909091846975075 0.424639645695984 0.950968336291131 -0.752610079828934 9.76933333957024
1.470000000 -0.410197567851375 -0.406586602053878 -0.59786647725751 -0.809318361715096 0.637992703187276 9.89360098722732
1.475000000 -0.565307684971629 0.773498200705973 -0.437198212108201 0.49891402269663 0.373976150236081 9.76924179456459
1.480000000 0.901786975516838 0.580916922344322 -0.339539627237031 -0.568723822743038 0.985536774613679 9.85185662770245
1.485000000 -0.988179345609704 -0.457795638338568 0.583540367699946 0.745806840130038 0.123803152294738 9.86119759324756
1.490000000 -0.635975561866525 0.977212940332113 -0.384935550105262 0.119800145327952 0.766007811653431 9.68724775300581
1.495000000 -0.451329212380261 -0.732725504661317 0.657442071315573 0.3383539837498 0.2323253486456 9.875863595264
1.500000000 0.990505224089373 -0.0951923202235216 -0.903307991057312 0.886917064845058 -0.0343400011930335 9.78306914147213
1.505000000 -0.0662891879055133 -0.208491081934651 -0.276712507604022 -0.942486036542098 -0.0351482830174027 9.87217719261417
1.510000000 0.0397206698729287 -0.80148491067881 -0.551323700487299 -0.19427151847364 0.248271855175622 9.90099936559576
1.515000000 0.609249140885309 -0.208019849475482 0.135296625613839 -0.158425511400413 -0.648790803574394 9.70142811006636
1.520000000 -0.0406247894468833 -0.168947780117834 -0.771368516502608 0.925035209360083 0.22255867031522 9.72971538541725
1.525000000 -0.771891048071855 0.625803354953324 -0.786216555063714 0.192960669842065 -0.31168891550586 9.87212139848869
1.530000000 0.995749174615251 -0.0294868755291621 -0.466239765037894 0.244021028859551 -0.687512230913859 9.86669221553973
1.535000000 -0.539721534373109 -0.823739704593895 -0.236688602360286 -0.188512337947503 -0.769172172885934 9.99492872545168
1.540000000 -0.671276172469964 0.381833566064869 0.115238247027266 0.551282497845256 -0.181566400072335 9.81769711496115
1.545000000 0.643557462675291 0.921335424259927 -0.760496778302126 -0.668131453761892 0.718569508622666 9.76906071168718
1.550000000 -0.0416602897651774 -0.955659061649656 -0.738041149330345 0.999303380958412 0.966077848321794 9.78650465052732
1.555000000 0.533724979280366 -0.593608496521417 -0.772939146390622 -0.31307293908348 0.596594541145765 9.80055574470044
1.560000000 -0.892932821946653 -0.112805774022269 -0.270413104105002 0.814619157376987 0.933736778764863 9.94132405459849
1.565000000 -0.0654199538125749 -0.235086794586427 0.168842770703529 -0.333566784548371 0.358573740980855 9.92158197088629
1.570000000 -0.873514139034559 -0.323147997876232 -0.657230091121621 -0.697950462670042 0.406241248085276 9.91910801671474
1.575000000 -0.436578051856057 -0.694964418045694 -0.810913218097255 -0.36781742580599 0.0168683691960148 9.86060254112196
1.580000000 -0.889226883598243 0.453113578936604 -0.880400377270021 0.846727698038671 0.626353579399341 9.67908070414816
1.585000000 0.589525732951949 -0.529905443792187 0.227366840107072 -0.0519005269985183 -0.402722962853835 9.72178430193887
1.590000000 -0.385007003035865 -0.0885980264696283 0.0258124363728858 -0.978765755881912 -0.212103138310883 9.86156818035979
1.595000000 -0.960710940864268 0.843623128646809 0.983501384958393 0.0561574283317465 -0.860222911397099 9.71235801978388
1.600000000 -0.0440082368645855 -0.0777876838472614 -0.902722097887994 -0.417654658396568 0.746824843691115 9.99457303485166
1.605000000 0.868624245686747 -0.629354193634053 -0.715549952218099 -0.534098718098411 -0.691213199725008 9.71603155927627
1.610000000 0.764484086895587 -0.784523382682597 -0.0549859577114629 -0.447619052346618 0.949730095430152 9.62467409798739
1.615000000 0.390079326643646 0.847789275389067 -0.166499189644353 -0.653928911152263 -0.229998409389517 9.64253250880181
1.620000000 -0.670691598984735 -0.928304603289955 0.853177009082016 -0.80206735422931 -0.557658796924007 9.69889733243306
1.625000000 -0.00929082977086815 0.853498109548119 0.674907801521433 -0.244806743806604 -0.931025274065801 9.9612216564463
1.630000000 -0.992276025932411 0.662645747728015 0.0984751037780545 0.0529005560338967 -0.754403648783641 9.98900536677742
1.635000000 -0.165374481661885 0.670691422033446 -0.990124125960341 0.763041949720607 -0.81248214459628 9.74418915791192
1.640000000 -0.82167807958167 0.200950848497893 0.0282065537889518 0.169031090647462 0.0544489571146896 9.81700235692872
1.645000000 0.323036198189033 0.231798551618959 0.142128503481917 -0.45749157083104 -0.556927487047821 9.83222524789339
1.650000000 -0.797246966416597 -0.549249472817988 -0.969897954710712 0.103442865006366 0.529847689685341 9.94507450526893
1.655000000 -0.37223048665199 -0.0383478584877904 0.878907838779924 -0.537493140221337 0.00234700599794602 9.93220408347529
1.660000000 0.616975607172109 0.767791964005582 -0.650299982936261 -0.328575435713201 -0.529093681615355 9.78969414295435
1.665000000 -0.663549055188684 0.948795428475735 -0.913170772564211 -0.458394879223031 0.490343044274646 9.97159482599664
1.670000000 0.393025126025558 -0.477796662355678 -0.614827347739985 -0.832840587865953 -0.938073099562001 9.85505586517579
1.675000000 0.475449025386688 -0.86884144128712 -0.643140503039183 -0.784965565328005 0.311827486060479 9.70017260060154
1.680000000 0.935451867028816 -0.559892085175911 -0.752324768226745 0.44117478162105 0.377084665641694 9.91834088259306
1.685000000 0.125731298292862 -0.119686747491214 0.753496155027997 -0.881913053748157 -0.599241658858602 9.71455089969843
1.690000000 0.31368069225628 -0.297782815665837 0.798873159940761 -0.557507754097463 -0.356948077379236 9.80996163361675
1.695000000 0.489356619068122 0.885478290675896 -0.0262534762854937 0.472183016814377 0.547005792868792 9.98780179061636
1.700000000 -0.242282857765575 -0.686397352109848 -0.0998873361851496 0.883448440527287 0.193915900398938 9.78034969805988
1.705000000 -0.619394765058251 0.113810790290037 0.344042855940779 -0.820521606048812 0.556303036192573 9.78562465432628
1.710000000 -0.0129938018568763 -0.0568428025845638 -0.984567869447436 0.96075272185763 -0.58465978670151 9.75573465325315
1.715000000 0.0448955823876409 0.638873018156212 -0.485153089037702 0.968528022043653 0.0750717879622578 9.9680113895622
1.720000000 -0.37120673124269 0.157547879571816 0.0707208118730787 -0.571076633208933 0.799373551178432 9.84882562629777
1.725000000 0.630804440766016 0.0990371923423545 0.130511183818109 0.0846050181820082 0.228991032219022 9.9278592701844
1.730000000 -0.215641624860299 0.851756668580583 0.296902032241645 0.299205286101999 0.820284689692913 9.79660044187056
1.735000000 -0.652841728950311 0.727781831160086 0.57846192995946 -0.024048460193001 -0.114670289268098 9.70962848285004
1.740000000 -0.899491213215278 -0.0523909372521523 0.8281196671669 0.731313227550738 -0.95335374584112 9.98477562764179
1.745000000 0.0761482320149187 -0.156319539601132 -0.479939550850512 0.154418333971136 0.286782889294803 9.76452047588804
1.750000000 0.17867820299169 -0.890650620633108 0.370346549605181 -0.00103710731539741 -0.518676800429205 9.59131564477638
1.755000000 0.669897718201344 -0.320159819591865 0.804433010427483 -0.444772571998077 0.329022921309351 9.95705086546499
1.760000000 -0.843083021157925 0.0680503552165117 0.160844934713489 -0.796436766067723 -0.973318794729802 9.84543545784306
1.765000000 -0.17955636008622 0.999260970390989 -0.742752229675069 -0.892773471722739 0.326182505733418 9.78895547004354
1.770000000 0.179044498679715 0.548714341385623 0.503823600478388 0.66036769825051 0.49083022842688 9.85738841727316
1.775000000 0.285042032266521 -0.706717821632846 0.715955374630147 -0.385935046424128 0.502590095392703 9.81215378190825
1.780000000 0.863070308167055 -0.949382376833531 0.181204775898347 0.342270828477233 0.153447060451585 9.93177264277579
1.785000000 -0.891125056841935 -0.332285696329682 -0.519610050841984 -0.712757265061493 0.172575011464104 9.78612348282264
1.790000000 0.31980214608824 0.326787303819688 0.281600463800878 0.808651314959233 -0.512484751414733 9.9400378419158
1.795000000 0.159356685895173 0.224304110381894 0.264030661091223 0.183293103791444 -0.571254294165994 9.93184997050131
1.800000000 -0.530628203195812 -0.612642213521824 0.611598896613158 0.81090359567241 0.798052617254692 9.75471860649133
1.805000000 -0.992283426221592 0.651192910806832 0.93787701518176 0.843673650102538 -0.672408478181999 9.94033491881143
1.810000000 0.0663304743665878 0.65797620157617 -0.824165520176369 0.168263966761652 0.861446824791584 9.83216737072198
1.815000000 -0.419153961082526 -0.96318178529068 -0.795903387384444 0.00959174475147928 0.163919183967597 9.90433083434825
1.820000000 0.825365126051644 -0.768858878765655 0.444194576444195 0.623417742375013 0.951614961005568 9.73041015006473
1.825000000 0.510788891236665 -0.8362530431879 -0.368557663340381 0.686623371991619 0.332010924505075 9.74388157529608
1.830000000 0.513692670275314 0.624011339444672 -0.85838330809883 0.71778928289087 -0.366396916735171 9.99760714549516
1.835000000 -0.0611731433594475 -0.0188382533466621 0.484286430051684 -0.616978567846575 -0.395420510971649 9.76357451067816
1.840000000 0.395232923978583 0.879839291740134 -0.653822880077093 0.198238107002451 0.781436197357921 9.83396662891302
1.845000000 0.607340560111841 -0.196853421254481 -0.0211515403451172 -0.0606485163144062 0.296035740196722 9.56103032090696
1.850000000 0.646025098695431 0.185766653709936 -0.472482307568417 -0.720371818971062 -0.508697470421296 9.88731629136718
1.855000000 -0.335523939382063 0.0170599189666378 0.813150818372681 0.269055549646288 -0.547038691838756 9.90909408340392
1.860000000 0.565266068822363 0.218136580296856 0.0724853002803798 0.172606628934204 -0.978716841888948 9.82629864489595
1.865000000 -0.926652481745301 0.156108073497241 -0.872952692151513 0.71937261695013 -0.658125272792822 9.86062864537243
1.870000000 -0.736693357926185 0.00235537393128293 -0.451165795070662 -0.923542540484826 -0.728589077353752 9.72229624282083
1.875000000 -0.831421265300094 0.896422082510042 0.974526410910546 0.733844804453591 0.114558661875575 10.0311284683671
1.880000000 0.098345469263543 0.0184095441449479 -0.546839281705599 0.171692987518242 -0.825482382357811 9.64655603167221
1.885000000 0.234773026422957 -0.109933599415204 0.349569601635248 0.572652339736303 -0.578159313452504 9.79728224678503
1.890000000 0.689333703224237 -0.153581363686165 0.972470404567416 0.884775886258472 -0.10667509450888 9.8137958453737
1.895000000 -0.2811177704861 -0.946431506400197 -0.204251555355383 0.833440891389475 0.100580203859406 9.71603355063669
1.900000000 -0.279390579685285 0.422443428739181 0.370618659709868 -0.104872962043096 -0.997348546049254 9.89622363527573
1.905000000 0.151750662900391 -0.238911016489803 -0.189923179889993 0.573591349447887 -0.626034773712063 9.77689007778434
1.910000000 0.948074815770646 0.124828075582547 0.339196791564672 -0.972883101540097 -0.813268284226427 9.80889588233299
1.915000000 0.891519911536723 0.181265596850433 -0.315319963412043 -0.139197378018497 0.380191269973382 9.7754980538681
1.920000000 -0.699583505140424 -0.714102495328571 0.0124941919988459 0.711935877665848 0.523321985045132 9.74669061856672
1.925000000 0.737836204347124 -0.153009912536018 0.718483338001409 -0.7178975565908 -0.0897109830238442 9.67364926018522
1.930000000 0.0748145827440614 -0.861964121396637 -0.114519269724618 0.261546298517634 -0.803885100318065 9.80341698636961
1.935000000 -0.0515625677311619 0.527622990090225 -0.666004049436191 0.231683482989521 -0.72156708208917 9.88075639501522
1.940000000 -0.653651676910767 0.0409029717747602 0.455171964808913 -0.180626815734723 0.374301776929899 9.82736400685173
1.945000000 0.475110611633915 -0.423347712225908 0.0427716211614999 -0.726050301327394 0.435016119589571 9.76054916602251
1.950000000 0.379132501491873 -0.391899522110773 0.286662973131362 0.623158959496375 -0.304264711823438 9.89083731459532
1.955000000 -0.0382823175928939 -0.114138595347357 -0.124143796565078 0.240150601249258 0.520273850076028 9.8313663391025
1.960000000 0.43434016193931 0.986249675036524 -0.314004643500785 -0.191358062062114 0.179257842329916 9.79656730841442
1.965000000 -0.0709890839974345 -0.0558013269006281 -0.0716818473635622 -0.635972964407864 0.061784877004933 9.694034705361
1.970000000 0.948404208732957 0.971186858588451 -0.935923662938142 -0.355860503090481 0.405281551836655 9.78066686218342
1.975000000 0.501803194872012 0.164168420789842 0.607149834561697 0.0220770449480401 0.557605610954392 9.78862373982572
1.980000000 -0.87552278110549 0.574694574612516 0.800587710831588 0.303735062155749 0.92705320284099 9.80471480284516
1.985000000 -0.353786565062491 -0.113578332175304 0.220091153504369 0.707998311942442 -0.773274601331574 9.98612393825437
1.990000000 -0.171066183210847 0.1075813207345 0.648082681767681 -0.669262988338835 -0.728250259406981 9.86933310271844
1.995000000 0.393460061118687 -0.758486727140139 -0.178698876490211 0.517937280013197 0.816207847472377 9.91081601015399
2.000000000 -0.676096404751808 -0.220224143574119 -0.400674832705723 -0.0298829698142982 0.666197525181899 9.85297402707824
2.005000000 0.724031359760105 -0.17296896836393 -0.931947470610937 0.599833256378692 0.0400230582058536 9.88176095132534
2.010000000 0.994902954434465 -0.47100061526103 -0.800306114275151 -0.733347304972516 0.784231901068348 9.82104473625441
2.015000000 0.794021216125237 -0.0826908308466388 -0.304370758731091 0.610229062666292 0.539198002563416 9.85885832775914
2.020000000 -0.702922561067586 0.952815279342614 -0.16678137200269 0.963274964114313 0.772231599209938 9.82024378819625
2.025000000 -0.661634999169798 0.924250416422379 0.0960962134860903 0.378388059036056 -0.188427950808978 9.67736812905306
2.030000000 -0.493987697872328 0.447038819755911 0.0731276986529714 -0.709755797735302 -0.000453238841357284 9.74389886649245
2.035000000 -0.913555086550096 -0.83643459521068 -0.596202960981151 0.62564291601332 0.680866987295853 9.79129401785205
2.040000000 0.941219389411257 0.482334027757092 0.833297111016371 0.797417275513251 -0.0214030142041869 9.73605177960114
2.045000000 -0.948293884260717 -0.202604897880277 0.339714743820817 -0.442281582133044 -0.755566079055688 9.9995186964568
2.050000000 0.581978186770332 -0.684101216347935 -0.962451341544488 0.668423100220237 -0.520535811558615 9.74546184484153
2.055000000 -0.801367152389776 -0.217189471804159 -0.861724398965819 0.908735277088701 0.104773669086757 9.77988984002895
2.060000000 0.876912265958689 -0.630333710289716 0.109732890087056 0.598579956962997 -0.555640511939135 9.90310258710343
2.065000000 0.0537840216671042 0.701612083102396 0.884376883452934 0.901746642730081 -0.0544072347946498 9.80786636534057
2.070000000 0.134778168580857 -0.30289038517647 0.424487122066546 -0.571155817048231 -0.142559209439233 9.80495743005845
2.075000000 0.531855246765472 -0.683571619765634 0.0752113820403868 -0.0770754493200572 0.254499160337494 9.70146524651068
2.080000000 -0.44929639596925 0.736950329382415 0.0240151095315884 -0.317476698810922 -0.766984067748759 9.83157722006678
2.085000000 -0.817194647070577 -0.961565375310167 0.188546596648426 0.128398119066096 0.504789693981777 9.79457591216412
2.090000000 -0.896698364008543 0.536026664793504 0.0684120445830803 -0.0392575734477758 0.159146634470274 9.82488338647208
2.095000000 0.613926431915689 0.850994297233873 0.983793848186635 -0.0934827276940843 -0.784773654204222 9.91246790599845
2.100000000 0.217020753406464 -0.123516466991751 0.720434726085716 0.371078495574686 -0.836716513073406 9.91232453348029
2.105000000 0.0316381980812355 -0.0856971866850262 -0.24197789432573 0.143177740808193 0.553870674946285 9.6822711024206
2.110000000 0.822066169149273 0.838351040071971 -0.0976505247399446 0.778524987296446 -0.470647079623606 9.73941089984467
2.115000000 0.349838908458985 -0.206010965260682 0.049796623666676 0.565065255186085 0.328486486956704 9.65592172845714
2.120000000 -0.430252242568066 -0.475258564332155 0.916585735937853 -0.266968755641472 -0.572018485317015 9.78958244329627
2.125000000 -0.397202547358909 0.794272343532309 0.704207175273545 0.282001857311466 -0.583444937869648 10.0041241961564
2.130000000 0.304798329856618 0.649705816828509 -0.182250850453158 -0.885006483590699 0.792985169120592 9.58395095080495
2.135000000 0.732653313191912 -0.762530962826 -0.463953983720371 -0.463039978157282 -0.217023723394155 9.59701856563374
2.140000000 0.838825018070091 0.489682972193548 -0.974339133116575 0.92368634600364 -0.0506973159735544 9.94178434349353
2.145000000 -0.939665121929564 -0.52922304604632 -0.165898006020998 -0.523110058867889 0.997050297445175 9.83847859120917
2.150000000 0.604160707259626 -0.38645637193064 0.416842143711095 0.397145875448895 -0.218868313924814 9.77544039973935
2.155000000 -0.436706268897609 -0.224026317346853 0.0507450211098162 0.346270007708236 0.88176745636471 9.75378265012651
2.160000000 -0.662444578326514 -0.589151401812747 -0.896467729423413 -0.602109700256078 -0.118374447859067 9.62607174769515
2.165000000 -0.107910845944616 -0.32942528060145 -0.819475524974743 -0.503750139616313 0.284118348399232 9.71102776645855
2.170000000 -0.090702915140755 0.62978005392001 0.83275505147537 -0.208935458776045 0.742226531609067 9.8927064582196
2.175000000 0.950079957000017 -0.844064166696772 0.895788116332045 -0.71236462225782 -0.433215568509519 9.93705259724953
2.180000000 -0.0630453494671012 0.560305919293457 -0.6729141677138 0.829043804588282 -0.769119362239316 9.85913299711801
2.185000000 -0.89502307395219 -0.781310600126772 0.580249020634335 -0.97183176221877 -0.647987197920674 9.8831719978418
2.190000000 0.789064106433216 -0.652591667907588 -0.947625571837474 0.531290637110961 -0.77400459804293 9.7255366056617
2.195000000 -0.280032723806814 -0.228565265996645 -0.536289264232055 0.28675170861499 -0.229244880019336 9.90915075988269
2.200000000 -0.290457668383819 0.0622475236012823 0.536753574170523 -0.0595770296918121 0.569857831844062 9.86876017724667
2.205000000 -0.91926336098428 -0.964329024760206 0.703002995673103 -0.567250558904955 -0.805044972246999 9.87609458528037
2.210000000 0.515309771297178 -0.208939989660373 -0.6895348009139 -0.609043611031512 -0.0328646316346082 9.97481626712377
2.215000000 -0.682815816105723 0.933146242952508 -0.419917482612616 0.0523458752093584 0.640856012534749 9.82256177678897
2.220000000 -0.76995218161957 0.684451230654703 0.0396568249164413 -0.314530225151465 0.359285987615253 9.85879861062351
2.225000000 0.553142905027207 -0.083904221227348 0.279945259578501 0.247202233992146 -0.0998850879724533 9.66347399149475
2.230000000 -0.363930121699316 0.30410119020571 -0.193618928638109 0.603205246666076 -0.665466334515003 9.60603490709635
2.235000000 0.90191843635492 0.614133868186797 0.704063724588633 0.542774447958346 -0.0962412837409606 9.90343133976899
2.240000000 0.503108353122654 0.760040858648736 0.819276310419327 -0.137605660193416 -0.119565678350425 9.87808089842636
2.245000000 0.680779459737604 -0.643372249623468 0.0496384487718522 -0.325584550074108 -0.227947567230066 9.71002740247373
2.250000000 0.547205698465559 -0.677035076393297 -0.0352318459354489 0.449124134820478 0.937098791793501 9.53930357707625
2.255000000 -0.512510998878866 0.712282615579796 0.974664042692009 0.990597354243788 0.47232347329721 9.68513589978525
2.260000000 -0.665642588243653 -0.222324983786012 -0.213664979307756 0.790870250105332 0.982303597956106 9.81298486655975
2.265000000 0.141529929424417 -0.0804495667482026 -0.282349627130828 0.120046568624697 -0.502016062616378 9.76689016961993
2.270000000 0.494313769738336 -0.733372339854656 0.0666969050963861 -0.513787648414163 0.107485167266561 9.81947815768204
2.275000000 0.544783259529985 0.670818440462844 -0.123910438792738 -0.602225047350966 -0.976423766453016 9.6391034278721
2.280000000 0.00131722306894 0.157753565887806 0.277025734669075 0.148815222619481 -0.810304388315559 9.80491918394491
2.285000000 0.538602232718189 -0.433650407676422 -0.0860900697699236 -0.0283008949031592 -0.388460771827242 9.77640836295507
2.290000000 0.510066459658587 -0.563738963363571 -0.407934651434391 -0.382448374006175 0.99044694285395 9.85326422557584
2.295000000 -0.538621244737236 -0.424209602840342 0.933005155032969 -0.515045011190253 0.786237370123266 9.69237803582256
2.300000000 -0.733791311147526 -0.42810802228195 0.936369815811687 -0.544095699463084 -0.00955235911978047 9.69584624918572
2.305000000 -0.428914936924779 -0.722839785610717 0.50074897869525 0.182624291247979 0.520599013902526 9.83351820979046
2.310000000 0.306574146871722 0.880542637724682 0.648217098623615 0.297021088794349 -0.328897047475398 9.96397246360365
2.315000000 0.923708331735669 -0.234743556582715 0.617436696597113 0.709945700927612 0.873711567313276 9.79922460877572
2.320000000 0.484194917364137 -0.56612989193114 -0.404175444228656 -0.525357441755644 -0.561394422110819 10.2094789901333
2.325000000 -0.763764945680166 -0.49555859132463 -0.807685068718942 0.75683406822236 0.374754518910662 9.64699381421548
2.330000000 0.36133485723349 -0.56428336238688 0.978349753645412 -0.96756219117323 0.783634572189131 9.92014275895406
2.335000000 0.575857486378335 -0.217643787720075 0.41728860392109 0.449569052760289 0.694659152857335 9.850416932749
2.340000000 -0.651340995752877 -0.814686137165262 0.653496627534505 -0.212735417863697 -0.855611297234712 9.79628654474338
2.345000000 0.470062374821893 -0.0750426357030136 0.217713650883042 -0.168602768875939 0.360674002841429 9.99500128825176
2.350000000 -0.993335553441819 -0.971245444366357 -0.148348522907285 0.582521932936517 -0.188889231155109 9.64270379168198
2.355000000 -0.816271023739256 -0.378419707239801 0.684623990061052 -0.467612019492133 -0.193105843473741 9.77798142300685
2.360000000 0.995309676041505 0.116607785744876 0.331906617307992 0.1569401422315 0.10587794105796 9.76248032172031
2.365000000 -0.605678194018862 -0.0889612208534782 0.407337547003914 0.754995808822567 -0.892897817256347 9.74279770445697
2.370000000 -0.700072857411612 0.750955859083196 0.696288562238351 0.111037911433278 -0.980104061765645 9.92471635544603
2.375000000 -0.263987104997033 -0.843146003709708 -0.360447562001854 -0.944334542352862 0.108136855581839 9.67022216946269
2.380000000 0.791802256271151 -0.721848816481349 0.909407914573982 0.485127383603308 -0.145908500601495 9.77639658535503
2.385000000 -0.941274472484959 -0.49673165543784 -0.467398368505481 -0.0419700904944772 -0.382965026136006 9.71027175132755
2.390000000 0.943566685516185 -0.271118293176926 0.0417030831061784 0.560374516789045 -0.0674933777505036 9.93101617393131
2.395000000 -0.451483080839498 0.501358776121102 0.724184974899602 0.656653775673664 -0.86377911077057 9.77991649989311
2.400000000 -0.687414965446766 -0.177268421825612 0.326590317919194 -0.0703799906514492 0.655260352257295 9.93245700215335
2.405000000 -0.235542207600336 -0.715353372374248 0.159201553631202 0.696964414649161 -0.323690448572715 9.90638810036915
2.410000000 0.522366667875259 0.0896689058699034 -0.118519754669871 0.65858755710469 0.986127124161519 9.84726814843739
2.415000000 -0.0157173466941888 -0.000238771084807188 0.189437426249235 0.294117534204441 -0.190922081093733 9.83269476831249
2.420000000 -0.697701049827831 -0.0107317413253392 -0.948717037191948 0.957559302429463 0.0248443442512509 9.84054234960625
2.425000000 0.578873135884699 -0.284412107097177 0.486266551300076 -0.744817313619339 -0.263404216274342 9.7507657633975
2.430000000 0.941419389071604 -0.638510597701422 0.917550007774285 0.9275465123018 0.339666895260879 9.68726275747277
2.435000000 -0.496078062567896 -0.722279536408502 0.618067082771131 0.31299985633837 0.757287836520601 9.77122805747227
2.440000000 -0.982853912740412 0.29485762645251 0.78017228086487 0.573532427462532 0.0841597631034254 9.76543562318481
2.445000000 0.614228103130231 0.0257161031596904 0.422176796673879 0.0942372600986796 0.284678554760608 9.87767648050284
2.450000000 0.291142697115961 -0.204606442341863 -0.293610729879518 -0.620574266473099 0.119343106224827 9.6985662540802
2.455000000 -0.476688937040367 -0.585565967292323 -0.981844788408766 -0.0420261263111728 -0.525979181530876 9.71556313100687
2.460000000 0.583026120245003 0.22409192715962 -0.935300666808756 -0.332814116651571 -0.416862657022133 9.72912482222943
2.465000000 0.379535755784966 -0.340211006505513 0.291602706206777 -0.335785690385748 -0.976614821691352 9.82947842285648
2.470000000 0.542722926262171 -0.427167858661696 0.69395360895151 -0.337933967513002 0.783143348890889 9.72821721667715
2.475000000 -0.234466161222414 0.417631432142868 0.264428284608027 0.239554658178033 0.705799925935362 9.84610159650726
2.480000000 0.932439858062398 0.795420898029311 0.956011929528793 -0.484422799891058 -0.850759450276736 9.93528404996415
2.485000000 0.853413119843888 -0.995454649438828 -0.807009384877518 0.876798298152535 -0.248125280834793 9.70192370645005
2.490000000 -0.367734372321393 -0.114720218402669 -0.0433363220856229 -0.584591024361826 0.23637958766724 9.95087023114841
2.495000000 -0.305360397931822 -0.0278103524017196 -0.231602699138039 -0.372920540800747 -0.232389455303731 9.67483843828539
2.500000000 0.918033355808832 0.855599304593913 -0.554372600072237 0.77144647565272 0.860144656086408 9.75561146504682
2.505000000 -0.301948498609452 -0.160429054480246 -0.0933829802523288 0.330317129069156 0.724850727117085 9.80438844276511
2.510000000 -0.780579404803263 -0.532410509666619 -0.0368562606334948 0.993191925805617 -0.546118838501218 9.86022671683828
2.515000000 0.176801470656321 -0.758839518650826 0.775600222766213 0.944412016283913 -0.0344302891913942 9.64196659084079
2.520000000 -0.226143814263001 0.306890509699886 -0.344950458661164 -0.365999159107916 0.94550852475013 9.65943086065322
2.525000000 0.1428652588012 -0.847362765039952 0.973877154278512 -0.132284015013037 -0.984082068309226 9.78923255258935
2.530000000 -0.771469548238194 -0.358926090113319 -0.00329813873548901 0.701293633180341 0.789594674384964 9.80281301648186
2.535000000 -0.516548222637059 -0.0208215429544549 0.791626891024237 0.25730796309994 -0.713931034185892 9.91783486987828
2.540000000 -0.124862484226405 0.892836004445719 0.289966253233126 -0.150985329947893 -0.239448010567319 9.71073453989288
2.545000000 0.541222712742734 -0.244189324436797 0.381588325547794 0.769753165435862 0.396884586381206 9.8707067473897
2.550000000 -0.448206482198185 0.413500911283074 -0.24832584487662 -0.330291135856086 -0.678475265241449 9.72419336608133
2.555000000 -0.833466222432193 0.309798802859056 0.521071716920041 0.0416712933414016 0.202634807304775 9.88906055463618
2.560000000 0.215114566132014 0.934273409626574 0.427898032324341 -0.388000848418102 -0.687436405423766 9.79462041331324
2.565000000 -0.687554260570348 -0.449847433459874 0.534065977453285 -0.366029525811798 0.785278499026447 9.71236625614027
2.570000000 0.117909584714989 0.30695015811685 -0.338544908602976 0.284443362282796 -0.383251039955416 9.71114298661194
2.575000000 0.782570563155492 0.110486931684654 -0.323895491344806 -0.664744353697051 -0.231368201426868 9.72537376253343
2.580000000 0.0954746590440509 -0.698303362214148 0.446449762883806 0.407920398473703 -0.148150795674022 9.79120522348384
2.585000000 -0.0851599038975127 0.281378621832178 -0.904036870181578 0.576295188430834 -0.434178016816349 9.79545853366722
2.590000000 -0.467904142787635 -0.247613227575837 0.108737257825554 -0.685333579632143 0.862873705040139 9.69071883565845
2.595000000 0.676060841267957 -0.0805488783309929 -0.171964666420577 -0.820720932362937 0.501543771243442 9.79391365762588
2.600000000 0.331430391097176 0.332824909748894 0.928509272601693 0.373321263759081 0.969952612169996 9.79883848967041
2.605000000 0.373356930619738 -0.741702633789602 -0.538912104228005 0.939178913803389 -0.0289905429952734 9.96091792599494
2.610000000 -0.0277033359872658 0.939852810436791 0.817771734584948 -0.164829631878449 0.724694575986217 9.90082767856825
2.615000000 0.387144921993439 -0.7052887965484 0.580034484891237 -0.11131130676312 -0.781778803924927 9.87890273064744
2.620000000 -0.0770271499999925 0.363787710370397 0.857169807822057 0.0853070854606606 -0.751419582288442 9.69462764398631
2.625000000 0.169705650382538 -0.685386092255537 -0.0704217949278754 -0.999178797937547 0.817719222892876 9.91763229127251
2.630000000 -0.896815243129067 -0.796278893852736 0.0661240048083123 0.490329678864372 -0.501567689469814 9.75869399990401
2.635000000 -0.292831321848944 -0.784299402397265 -0.733694907153815 -0.898996223648543 0.980892096637232 9.84608779698782
2.640000000 -0.725414972624469 0.713371905364735 0.0685886401071161 0.618189479977912 -0.576959782083034 9.8137265641042
2.645000000 -0.760884507447893 0.750522609683928 0.254493291142626 -0.820210495879972 0.38601356623043 9.82544108089078
2.650000000 -0.804740366435023 -0.088717903517521 -0.0204719989655875 -0.306308055904837 0.557440585250706 9.73760526235908
2.655000000 0.574246970738399 0.676650543546607 -0.634386961178103 0.555139066444309 -0.134071514538523 9.87289672572868
2.660000000 0.543776430908486 -0.538210391783253 -0.241297008116402 0.966816648825452 -0.299916102224922 9.77036341739098
2.665000000 -0.557971011641422 -0.426071637974154 0.118988895378536 0.828042554589008 -0.434533110556441 9.69430258224409
2.670000000 0.875429084466504 -0.703231122206538 0.454418467103699 0.432869668785888 0.655315250929126 9.84474912992754
2.675000000 -0.458585540511918 -0.936908029921776 -0.215298713750811 0.407342944949559 0.893496496553298 9.90467045244876
2.680000000 -0.360308137424434 0.306559449670166 0.404089575355914 0.339775760350644 0.998065829276138 9.77296809445657
2.685000000 0.29745300826498 0.397964046056366 -0.731862628707598 0.862919897708539 -0.637888967822254 9.73777575883095
2.690000000 0.882147125844912 -0.921935114041872 0.670409785430138 0.537462375842716 -0.0571711971690744 9.95203206813897
2.695000000 0.430980686764689 0.551725881896785 -0.108413793662756 0.324477183317988 0.729628136255605 9.69252328636507
2.700000000 -0.253997887137345 -0.834160316658281 0.709095759181816 -0.25593205879253 -0.110635670419147 9.7268322717937
2.705000000 0.386034954984689 0.452300129203266 -0.950262765376951 0.748145987162435 0.0376783772547162 9.80829017168326
2.710000000 -0.248551458701748 0.6560958883055 -0.542712121988978 0.6942773450605 0.0239846040606426 9.66828388631689
2.715000000 -0.223961644444597 -0.929893187214571 0.779442473211997 -0.494333509120314 0.509549476909241 9.70540658835585
2.720000000 -0.292967734529156 -0.415917752038649 -0.000380469951955842 0.596396595983019 -0.427846843110326 9.76798655323088
2.725000000 -0.493665177139298 0.692020200980837 0.593586295653873 0.257783365090277 0.348116088355014 9.67438448546942
2.730000000 0.275186647323513 -0.869418685263683 -0.172934017690334 -0.948774998052407 -0.799311872478254 9.88154544107261
2.735000000 0.147701036719466 0.431877982538137 0.965789193271561 0.854733303121633 -0.984039770431835 9.71532881615079
2.740000000 0.149191010347191 0.234343831070859 -0.453698502599121 -0.214726573421958 0.0672949985914375 9.89670719815191
2.745000000 0.94465579648719 0.0526205147861598 -0.168586813457583 0.292771884842204 0.103494688451055 9.76806313545226
2.750000000 0.914055210498187 -0.508061442295118 -0.570093663209162 -0.885256661980067 0.0984470132265458 9.83204674033896
2.755000000 -0.899118648795001 -0.565363958275581 -0.243821142820558 0.552011249378329 0.0227494291135806 9.9421130753422
2.760000000 -0.309356706826648 0.853650079040625 0.821686522020812 -0.850322487694361 0.427279900492765 9.71097103647247
2.765000000 0.0591142024188833 -0.694207284457147 -0.957833019065593 -0.276013222185901 -0.315525949613902 9.92113474606841
2.770000000 -0.929034471478795 -0.685627651254473 -0.898821784136268 0.895946471903448 -0.439479602239784 9.7642958688228
2.775000000 -0.045509929324272 -0.557104537057273 -0.786587001656455 0.977239499789309 -0.651734669530641 9.82102500150412
2.780000000 -0.146581843097965 0.367976947393258 0.188586136879672 -0.719301943536523 0.134319264969937 9.76280689410342
2.785000000 -0.303323120485676 -0.418441876498257 -0.082579755728403 0.381150929900422 -0.462219685996985 9.72788885392814
2.790000000 -0.552282071463895 -0.403290467990232 -0.495307685572332 0.00823832722764384 0.116563560961077 9.84929691862317
2.795000000 -0.951706870436532 -0.0174302863969609 -0.117178846670864 0.594583554935913 -0.97852166275425 10.0547159623526
2.800000000 -0.983062634236674 -0.903120234563537 0.600948638096894 -0.443671491669338 -0.709686768106039 10.0063845804953
2.805000000 0.678776446580317 0.675666946766743 0.341079056887459 -0.825692238204969 -0.715587210709037 9.6636322199913
2.810000000 -0.202964687348793 0.887580854765876 -0.0194859760904154 -0.533324611155933 0.958634485471358 9.89754049403824
2.815000000 0.601511169970739 -0.381133542107946 -0.0312110730592213 -0.435928329562735 0.828930932017477 9.93188222155805
2.820000000 0.542054801966089 -0.0487353313009885 0.727505085862943 -0.320058566201506 -0.841001855135431 9.86534727449589
2.825000000 0.580589293306968 -0.359978831075122 0.288874188106914 -0.648393413819556 0.429126272643509 9.7861915680343
2.830000000 -0.447415111329134 -0.802178074513645 -0.975541298266287 -0.097686647948663 -0.795250459478819 9.90153303053741
2.835000000 -0.629667620002137 0.069644211358225 -0.91062181066285 0.0312838168029133 -0.50047622039005 9.75614599901093
2.840000000 0.641623833049845 0.213899688429152 0.307003972729204 -0.0695019797745635 0.565506275540919 9.90316555349766
2.845000000 0.145770540063163 0.568992408723101 -0.997484358957729 0.170229242728199 -0.528694239225562 9.77881719996245
2.850000000 -0.98647410887595 0.0327893453802863 0.709820626168428 -0.616141727946765 -0.897566444192811 9.70705371924344
2.855000000 0.430631806808818 0.397690574358073 -0.171013799109968 0.742006230979229 0.53923720565589 9.85059625573275
2.860000000 0.676196285372691 0.71599300751276 -0.888640942000151 0.241702559982288 -0.547876748045849 9.9525874654336
2.865000000 -0.303241013224815 0.0489119175117985 -0.23187696618581 0.168064747549624 0.256177099075251 9.83932119795045
2.870000000 0.592988444302691 0.484054103253434 0.653561263183859 0.69542200010988 0.28325291782769 9.77035706445073
2.875000000 -0.533606074533242 0.126365537348374 -0.544109045315585 -0.994368869808674 0.588662134291912 9.9836210767636
2.880000000 -0.419127003950592 0.297851225965587 -0.493439021284431 0.0329962480035593 -0.574382195982329 9.87116902063075
2.885000000 -0.398130829165751 0.399013073835062 -0.709558462588842 0.858046270840823 0.959212172757467 9.95682383295619
2.890000000 0.548729116818276 -0.21868947670734 0.247622616238716 -0.168017965354034 0.850013874401345 9.75284031796557
2.895000000 -0.328632511817213 -0.998242287895755 -0.677961070871894 -0.739970378456623 -0.133362298427784 9.88907849393381
2.900000000 -0.193617676940569 -0.968550981007773 -0.519493054374816 0.232000127077103 0.584406273246001 9.72672605719788
2.905000000 -0.95567828601025 -0.530377768692736 -0.290506531154041 0.172070975029874 -0.9781771525639 9.8152505185887
2.910000000 0.0902046193788781 0.803395371792556 -0.185552585490771 -0.36392862226997 -0.880196829270663 9.70290952484772
2.915000000 0.745844525166715 0.504466792337814 0.95037319788261 0.270732565443373 -0.0480225100405619 9.94109769297836
2.920000000 0.988755648019144 -0.1134121423184 -0.456118578769322 -0.656867435042219 0.0728633017618503 10.1009548971334
2.925000000 0.523913712019061 0.697444488153534 -0.710744010149848 0.54573655945516 0.955667073817769 9.8720449484996
2.930000000 -0.953967141897402 0.629629437639206 0.681943069995354 -0.834163971168065 0.115444340331221 9.74757396673493
2.935000000 0.824238952167443 -0.441948673428012 -0.867978569990014 -0.223783558804441 0.314806847514029 9.83913614426867
2.940000000 -0.679209128804137 -0.247417702920464 0.646695060490954 0.393654172957714 0.806873777791333 9.89131411171527
2.945000000 -0.667909432979258 -0.199904822371856 -0.123475951665768 -0.712242360092812 0.0427326648695081 9.86303134359113
2.950000000 0.321335508172091 0.0155724021678663 0.254601552735363 -0.56322015242801 0.335344561997496 9.90830364895486
2.955000000 -0.579668991071949 0.430090142148589 0.935799954429176 0.73513785644208 -0.135706843405826 10.0626483548011
2.960000000 -0.10291687264243 -0.314604589396438 -0.421261799252248 -0.296043095782419 0.320041490402092 9.80335880688158
2.965000000 0.939889697330021 -0.067594768976604 -0.397025487104908 0.27351902857121 -0.978829246004498 9.84766262002835
2.970000000 -0.638910132292151 0.62443599180525 0.138051989086928 0.659158579846452 -0.215980495892456 9.59916889621533
2.975000000 0.293520854457058 0.953541878589216 -0.135679712116569 -0.667778795430334 0.138625905447931 9.92518164563628
2.980000000 -0.534639681472741 -0.66234189442468 -0.193058505278574 -0.499895287444766 0.989790162998154 9.92827709245515
2.985000000 0.938657687948392 0.492290317775817 -0.0740376464436006 -0.700252445275082 0.116726308649744 9.82059023304021
2.990000000 -0.379434729637315 -0.0840818058159584 0.00169673329298226 0.484885558246116 0.248139398753708 9.71413510053373
2.995000000 0.857686744936596 0.711649292014376 -0.396585880497743 -0.3353717612733 -0.788245996361713 9.90911501984889
3.000000000 -0.477115859965382 -0.00973840849927554 0.637474825436936 0.726083028002681 -0.359548362605063 9.94184088106881
3.005000000 0.875880067178924 -0.664900347434404 0.630428332663341 0.834786200818972 -0.764154534677115 9.60871874676599
3.010000000 -0.831256134356957 0.884637789747043 -0.658703706068315 0.416883265328074 -0.975039572443366 9.71666764060819
3.015000000 -0.45272458878007 0.510988562140143 -0.120742319673645 0.908517711753267 0.134115719764547 9.59465899643125
3.020000000 0.128224848363653 0.539230939717605 -0.652276944207157 -0.653401807720494 0.105644929737619 9.69003363489486
3.025000000 -0.941610678071906 -0.0824566889006908 0.988898934791283 -0.0586696216178451 0.773954047716201 9.74687620062332
3.030000000 0.574526064831077 -0.149071404314168 0.702835608135367 0.257165344086087 -0.266424231820937 9.87441465537059
3.035000000 -0.48694127308528 -0.577523577761615 0.189368891152259 0.647174446679267 0.824618243530681 9.79812258253755
3.040000000 0.627379132261211 -0.233511954189051 0.299441283242517 -0.266975938932493 -0.00990883214860638 9.82782501490931
3.045000000 -0.101317560813072 0.457996256397104 0.989810869092965 -0.327363514028193 0.61563905683143 9.95960514613316
3.050000000 0.666707632907996 -0.509277565176262 -0.552669536114051 -0.599716599844264 0.492792600529637 9.77925934338442
3.055000000 0.653025774123625 -0.762356128432954 -0.0413483367494066 -0.92820923585827 0.19048696346138 9.6592428137041
3.060000000 0.319054855647988 0.828369978735396 -0.528932626139807 -0.211847821814868 -0.123149531485117 9.7919949643459
3.065000000 -0.957613701912395 0.861787490482343 0.682440373898689 -0.169726874292701 0.051952611213528 9.93150050840661
3.070000000 0.749431406031098 -0.186211839870648 0.48983228182878 0.430565986517149 -0.180360512426291 9.76608574632173
3.075000000 -0.859498218567808 0.25972112047473 -0.455543974160936 0.330988744893572 0.845751915055212 9.8265889353274
3.080000000 0.211104813595817 -0.708015635473661 0.952958948888331 -0.912044718820623 0.661734178504783 9.92786266527686
3.085000000 -0.939105127909735 -0.362943008245408 -0.465606398631635 0.112847483303792 0.986204997629954 9.88596456489866
3.090000000 -0.330822677971247 -0.898037161630596 0.166202388315556 0.488816809602462 -0.99517925176545 9.67762262027541
3.095000000 0.476311275491636 -0.427255120793011 0.888672932930604 0.297228266157782 0.737551649910189 9.85733644504811
3.100000000 0.187733027705798 0.250946809188904 0.889617980406442 -0.857650354438299 -0.0449327151500306 9.95380314065826
3.105000000 0.0633603348691762 -0.234388365985075 0.344850048117735 0.675490892341123 -0.498751964186668 9.85533918712861
3.110000000 0.13472226966858 0.464326250117424 0.927597010474464 0.861715234751681 0.970264347256284 9.74282204474015
3.115000000 -0.0412849760806584 -0.70965081812332 0.862522360804734 -0.853551949306183 0.541295991065584 9.76712890403863
3.120000000 0.702653191845237 0.0682043335718123 0.98582416306521 -0.233986474216909 0.833815967586737 9.75246419653392
3.125000000 0.344701580398111 -0.781041851165258 -0.997485572471044 -0.152454240784261 -0.998767372220181 9.69485246601921
3.130000000 0.332737924220384 0.433412044045242 -0.858926366948954 -0.966125525518379 0.605423806982778 9.86041276270752
3.135000000 0.246236708595528 0.865519648355208 0.220086507136042 0.535034405782369 -0.638117076660561 9.72123395031849
3.140000000 0.68875322476437 -0.562945293990404 0.678381296656272 -0.869742358042739 -0.227881290590335 9.77003202092386
3.145000000 0.8706286353388 -0.649551580496855 0.911869834136157 -0.817499357190681 -0.720721942242571 9.87846667257526
3.150000000 -0.655766192663352 -0.39428936848151 0.645890456459434 0.949657615250748 0.7054992894202 9.78862461782479
3.155000000 0.835633762104266 -0.362309711688342 -0.513229597133226 -0.802483315487617 0.560429987292937 9.88787893526248
3.160000000 0.527063847299229 -0.776394933358019 0.379440854014568 -0.700817444222429 0.246687942765042 10.0479630733851
3.165000000 -0.920894935690283 -0.014314474078973 0.299817219981839 -0.641616877932854 0.896507290143756 9.85974468879509
3.170000000 -0.80960128820017 -0.92433586154335 0.586403673322128 0.608002493906767 0.0274001364723779 9.84400967119854
3.175000000 0.619554119007454 0.806122769511362 -0.395820319371214 -0.835222111006837 0.0553059806373464 9.75194006356636
3.180000000 -0.569573916294414 0.635070898400187 -0.836596521472836 0.504241776421779 -0.247612525358616 9.71634788389696
3.185000000 0.816658913072505 -0.428709231982338 -0.372824310964357 -0.813176237891045 -0.812419672409268 9.86983503371452
3.190000000 0.196021434476609 -0.328730323970658 -0.195941422691541 -0.184424447447259 -0.522607555390619 9.96852641317666
3.195000000 0.539481784933937 0.368736398112372 0.96744525896732 0.969907868639523 0.00380729651255862 9.86712878615314
3.200000000 -0.626642719668635 0.964076947404108 0.808399465777166 -0.0257510538332868 -0.649488461971976 9.80364195553127
3.205000000 0.811882140958627 0.733120041775107 0.795261628830462 -0.925629958475768 0.507104041756645 9.70019595470564
3.210000000 -0.107891801329279 -0.831683343198003 0.518701028785995 0.369500643280102 0.576554914739241 10.0199881212388
3.215000000 0.867790868444271 -0.130355674368495 0.0859445673813786 -0.128401835974493 0.000493063125988957 9.92334382464351
3.220000000 -0.475828842015857 -0.563807599974707 -0.651900710375933 -0.125317303987833 -0.938749222056358 9.85634139440237
3.225000000 0.947502961357824 0.133863086408872 0.868470075478996 0.311761040851362 0.836988562642126 9.89544509547708
3.230000000 -0.869921084432826 0.0566326114612783 0.854744060828697 0.0322779831626816 -0.827330689796866 9.82391539928239
3.235000000 -0.405866907632848 -0.0975846280798245 0.81870808909587 0.221926027546602 -0.723734284622471 9.75778610727077
3.240000000 0.217561942160857 0.719369206446861 -0.481995992121285 0.0699318661680128 0.59250212534913 9.93472172087428
3.245000000 0.278626139871136 -0.413966507378019 -0.148233873373006 0.11561470158194 0.346611765840376 9.88807680797927
3.250000000 0.388476435741631 -0.673951648955211 -0.491031336361091 0.561145745944765 -0.951416721544888 9.6391126201523
3.255000000 0.313306343421948 -0.361532289237497 0.864642398368866 0.589572058799477 -0.0186530430888073 9.66023409013668
3.260000000 0.26884076430874 -0.165367844125893 -0.12329587578927 0.986404182383048 -0.625362759281584 9.88975016632387
3.265000000 0.270944964732484 0.919049439914082 0.558247191625762 0.742249255879898 0.395740120390309 9.85537200028724
3.270000000 -0.240402743797937 0.628906098952939 0.966096704809972 -0.37576034542907 0.218478157752416 9.82910623790909
3.275000000 0.146352558930569 0.389130511036669 -0.835643708629368 -0.584806676760692 -0.776237334020546 9.74621200752678
3.280000000 0.196390679663229 -0.0259648203039378 0.824803274974601 -0.532664355604287 -0.106915381321179 9.79211157710381
3.285000000 -0.806466477832974 -0.162356537376697 -0.605236608351225 -0.490866722301984 -0.83472754426055 9.84279043813498
3.290000000 0.0788128204079404 0.925600782002137 -0.211067245905785 -0.774834621592813 0.314731292107483 9.91963918880096
3.295000000 0.994349462908855 0.0419562072688511 -0.863106135215194 0.190740141640762 -0.984008613966409 9.79249438172439
3.300000000 0.344747604497125 0.867660686312085 0.197900743781543 0.674521695670915 -0.854456808350262 9.72324857535665
3.305000000 0.900567544577908 -0.322562386897654 0.694667231149351 -0.96139307970246 -0.191193227279556 9.84101781108072
3.310000000 0.398868314641932 -0.815942791204873 -0.887215029395751 -0.286400393250585 0.137346255191297 9.82819515094396
3.315000000 0.795099880450917 -0.611012571310165 -0.67756414212173 0.811091266484508 -0.64931543248208 9.9096047318797
3.320000000 0.848172330226829 0.918068014978463 0.369953866754637 0.993715521876568 0.309502280927031 9.87733646388729
3.325000000 -0.440443363711444 -0.771310665538214 0.248676745802479 0.368363409009 0.701956868032905 9.89326374791215
3.330000000 -0.172141591632805 0.368767972741634 0.814424789424252 0.965204663558493 -0.878088355007623 9.86663488226706
3.335000000 -0.544494217980883 0.419336238605593 0.72810279099648 -0.193809650462964 0.399847882520337 9.87819791317055
3.340000000 -0.633661925622105 0.871576388306718 0.241735732761089 0.675840355304927 0.753695412424251 9.6912653521335
3.345000000 -0.995552829464689 -0.8654130752503 0.681615457721807 0.706404039499538 -0.221611875678232 9.93818385569884
3.350000000 -0.693633570193142 -0.378345990264018 0.571451196247456 -0.571721925200765 -0.311827637866059 9.83711513804676
3.355000000 -0.912312186282274 -0.926607610623635 0.949868494621417 0.487535696238063 -0.478337549361557 9.72287769616509
3.360000000 -0.676932597382428 0.977291639883673 -0.436159119678735 -0.9232371858895 0.753049475957197 9.83598102858152
3.365000000 0.584337984949508 -0.928369680386209 0.463900685060723 -0.637273891660047 0.00922877761033769 9.96146292391915
3.370000000 0.743873283147753 0.580956278173698 -0.79122458668017 -0.91083711754104 -0.275365578604567 9.7862933468476
3.375000000 0.783998923275619 -0.315782277526233 0.125993930327703 -0.480445170533119 0.572218248421428 9.80742845332158
3.380000000 0.525824147987098 -0.750104056554895 0.585810188011178 0.915839010810405 -0.99260741099371 9.80901680280244
3.385000000 0.742423180370789 0.501846922329556 -0.687706684548271 -0.364792904520777 0.0422707596059286 9.83691959564313
3.390000000 -0.854670519872881 -0.0592022058829675 0.547509399963314 -0.692115247106233 0.615300710133883 9.57759162283915
3.395000000 0.851063151774492 -0.43567927714236 -0.809644027524462 -0.6520903807376 -0.29962014933099 9.73221573218209
3.400000000 0.63201913127304 -0.394801848286205 0.456338209778228 0.619488461697236 -0.923508574219192 9.86740691508665
3.405000000 -0.508940588454223 -0.0715201157478244 -0.54587829836918 0.533330171151706 -0.0153535180796652 9.93125864206966
3.410000000 0.611082868469452 -0.668114257821866 0.437860715872543 0.226383577672012 0.663394064485745 9.72705787574377
3.415000000 0.862366834591314 0.694663764766727 0.874214311071771 -0.539827603632504 0.980853803446914 9.98871491136833
3.420000000 0.125721903110725 0.141861974793422 -0.573595498489959 0.741908471911172 -0.0392234190549811 9.93479601835222
3.425000000 -0.549205916723798 0.65503483715236 -0.914816644003064 0.235170426422344 -0.214989200800187 9.77820855985808
3.430000000 -0.0773501978615998 0.230450232154899 -0.347165294618888 -0.109671980659325 -0.255092553447509 9.61886978736547
3.435000000 0.341782383314233 -0.0774234799097402 0.0674466765799777 0.322636185829824 -0.571190038496251 9.94024823326509
3.440000000 0.274679199454691 0.186232699633684 0.296440335594323 -0.764544220531613 -0.896303387310497 9.75487518341805
3.445000000 0.621863527047384 0.735537418041163 0.789661123319371 -0.593125673752802 0.431803641576229 9.71569764392418
3.450000000 -0.412832476856575 0.282580545769343 0.244781462123981 0.332074969695916 -0.0703008356831506 9.81779799169476
3.455000000 0.594117733460906 0.644530152736479 0.139613151149644 -0.646054069346773 0.19906201641963 9.73494553697823
3.460000000 -0.3502518708586 0.643875243907736 -0.537668959022345 -0.699897809745696 -0.801634061057881 9.8922470870565
3.465000000 0.344744353250016 0.120814734660468 0.821896692655001 0.931911876393441 -0.596604720501511 9.95498738502402
3.470000000 0.359821825921453 0.203336095066432 0.604575992377743 -0.42445798377714 -0.789867978445193 9.84241930661843
3.475000000 0.552639656491875 0.419134184447645 0.764037523308786 0.0928182867787863 0.914636535530275 9.69480654617644
3.480000000 -0.28611215729551 -0.0649405313026814 -0.538837857329677 -0.250472549931366 -0.0769134690411917 9.7868564800745
3.485000000 0.10554554644299 0.463729603897654 0.809535494916856 -0.53463262856688 -0.332934301035914 9.53868277719264
3.490000000 -0.387194788729397 0.260981555683995 -0.773057107707978 -0.834555133168844 -0.319884260799682 9.66561696870913
3.495000000 -0.595233932880328 0.994956683365142 -0.0282801506241226 0.118653909824162 -0.0699838488688618 10.0402183681691
3.500000000 0.784405928004722 -0.255864656183806 0.694932368441919 -0.548528373962514 -0.841753169820529 9.70065474010395
3.505000000 0.996823310850572 0.555612238848401 -0.0635030917187701 -0.323060950880433 0.54659265444921 9.82985852662108
3.510000000 -0.810283256606331 -0.756588828636608 0.070012630461721 0.119732894524808 0.676293163409593 9.75983979598189
3.515000000 0.0233460483249956 0.0937691410508794 -0.480435009803825 0.147365498890805 0.414445465157947 9.84962319828648
3.520000000 -0.80169981615697 -0.928137137521122 0.650323018268832 -0.643452985977499 -0.192295382354546 9.6079942603928
3.525000000 -0.465395398189032 -0.935904037177518 0.48146697668427 -0.918802744671145 -0.741143976217668 10.1116037417043
3.530000000 0.568305661700808 -0.32713736655523 -0.959237404148671 -0.45885876261576 -0.265731175088198 9.85577581826462
3.535000000 -0.78852585693287 0.0493558435930666 -0.292001344865189 -0.411595361964589 -0.751792765106909 9.84750136153574
3.540000000 0.262845853000342 0.467972119091066 -0.12247738387551 -0.609555092458406 -0.727499953344231 9.85346204577952
3.545000000 0.493324474195635 -0.286603105853593 -0.492874677988177 0.52588045016205 0.161969661322408 9.70633776137614
3.550000000 -0.823442575439551 -0.330788347558486 0.271416560407456 -0.0891737505277497 0.73332029661784 9.80495120534563
3.555000000 -0.466800922279619 -0.79610998360259 0.778957558692879 0.193466579165993 -0.897579731371989 9.79770090502762
3.560000000 0.432248318303492 -0.0660612560184958 -0.607929898243365 0.886789188667568 -0.312094232678457 9.88891750458223
3.565000000 0.41127502611432 0.762155743205061 -0.301274119550956 -0.960275918226818 -0.507568935634368 9.89391356984765
3.570000000 0.786109555413066 -0.557743970098786 -0.329825437315658 0.950769619993292 -0.612949530413816 9.70453440396438
3.575000000 -0.170252639413929 -0.397614103461436 -0.886283874458766 -0.0678323707859183 0.644189307300462 9.81496854466115
3.580000000 0.709093567779797 -0.695819384276783 -0.036773187591123 -0.603000665829983 -0.810424809255835 9.86876929116791
3.585000000 0.325568636565268 -0.709243696978895 0.640574298631667 0.817999701862223 0.166039608961921 9.79797432898132
3.590000000 -0.208233937252422 -0.747978111611669 -0.0970812165630428 0.178816532333762 -0.122120767423008 9.63091274555264
3.595000000 0.0493599507256224 -0.302969406034318 -0.143914647933056 -0.987413236865501 0.0940299281356995 9.74785269265591
3.600000000 -0.353489240330406 -0.0984317060087023 -0.023183345339812 -0.712914942630061 -0.280432005077802 9.723268312177
3.605000000 0.0950054270657736 0.428361152963881 -0.446562791916804 0.997924211434053 -0.39282231563368 9.77268329209581
3.610000000 0.138943034754574 -0.946995648530776 -0.0809740326744384 0.778737257131719 -0.974073322477785 9.82405208551536
3.615000000 -0.396006411591548 0.186727344611067 0.0878733923136599 0.698023516544152 -0.767612112577824 9.7836691914375
3.620000000 0.565441342799664 0.3609005219121 0.165983704461709 -0.71499066320946 0.503756784602887 9.7066012066582
3.625000000 0.23093994671057 0.139861865499924 -0.403313577828609 0.83811763107689 -0.428821693839888 9.8793883515777
3.630000000 -0.626037893642689 0.463387360546453 0.488858598046405 -0.600111215189151 0.370350354989222 9.62804791132874
3.635000000 0.672367459010504 0.238615822623771 0.226921854180713 -0.943548674668907 -0.882485531215782 9.9029516558929
3.640000000 0.0773725337709172 -0.0788913681539201 0.0860769679239377 0.663797191187645 0.51987084351474 9.74831551097951
3.645000000 -0.844865455219925 0.374837362847681 -0.562484980357105 -0.300504061999034 0.0849587037623667 9.78730488144469
3.650000000 0.211365910811054 0.533233653536641 -0.606682109463346 -0.313458676130259 0.507577596002993 9.9369824451847
3.655000000 -0.361838352569304 -0.523488016577199 0.23639638034459 -0.244323883785086 0.268875180403178 9.84100992908648
3.660000000 -0.989955095569582 0.0947277010859584 0.442268171087964 -0.186296038882013 0.211284965840767 9.84848972804066
3.665000000 -0.539722888516133 -0.540218047583577 0.84731732767416 0.671643022294921 0.993015605953064 9.86580746249652
3.670000000 0.640181043949063 0.60777447540675 -0.319461745824414 -0.721657308620241 -0.915713542101771 10.0126509352633
3.675000000 -0.429317138823363 0.0731930970555139 0.699409352475502 -0.854460281252144 -0.80155564649103 9.92534511734331
3.680000000 -0.476841782907416 -0.548447614325419 0.238115240464972 -0.288300459873071 -0.899647628841758 9.87296719300588
3.685000000 -0.801768674422879 -0.831057093958863 0.991675848137436 -0.71748221652465 -0.914122460370009 9.75580305378058
3.690000000 -0.901112248143699 0.335088774252259 -0.197899879514193 -0.702667894634729 0.0445430302268561 9.86193167766739
3.695000000 -0.720599213484954 -0.405727702847555 -0.288826235238847 -0.735399646561313 0.154901779794554 9.82050475081964
3.700000000 -0.306218937647631 -0.82973064008622 0.977631134901955 -0.817814285782079 0.883602516671458 9.73838410169714
3.705000000 -0.0990269813216417 -0.905940334268818 0.0935665616269998 -0.00013922946534084 0.429148439983441 9.68642677373436
3.710000000 0.938034222432428 0.235237506793457 -0.958607284332908 -0.568045852504692 -0.588602622779367 10.0918344794538
3.715000000 -0.414606143447853 -0.818871775557693 0.828540753493337 -0.317488895411365 0.568302509173892 9.95580922778775
3.720000000 -0.295492469936373 -0.263617018826128 0.721796103623601 0.055636150322685 -0.388338655879879 9.89422294559058
3.725000000 -0.725763987622114 -0.413791129092589 -0.487504867598184 0.703384452361327 -0.518124447911104 9.7111983607866
3.730000000 -0.148136077983368 0.456322892315836 -0.460737860510469 0.878090367595707 -0.421105966633701 9.60855761152188
3.735000000 0.17345474435643 0.63426413276897 0.396330545375277 -0.104749152951291 -0.310099717839667 9.72153490499662
3.740000000 0.520626252293878 0.349663207004621 -0.231248536720522 -0.966878615304306 0.0530476593659481 9.82936042093896
3.745000000 0.670536789889697 -0.112265091907356 0.448592217382319 -0.477599289024993 -0.655942200522843 9.79191081782738
3.750000000 0.112510351982205 -0.540290331253917 0.330386619703093 -0.0803225483188045 -0.912769230973334 9.86522998933963
3.755000000 0.894407354246083 -0.0240444387421219 -0.844063639568195 -0.415692364524907 -0.0160525492467231 9.6695574110724
3.760000000 -0.418973238868161 0.535601691126638 -0.462304913188473 0.634074420497787 -0.213771294436311 9.66224400784566
3.765000000 0.268239387901611 -0.687209782976289 -0.0208337945029297 0.612297187378768 -0.699355427035762 9.90158785413345
3.770000000 0.839366952813867 0.865635639925318 -0.667167624303683 0.926597721840533 -0.874221138597569 9.80027461995013
3.775000000 -0.111587048094527 0.343219595655436 -0.395506148876392 0.872360402658749 -0.425416850217347 9.84224947749074
3.780000000 -0.0930542308339171 -0.0853708084138906 -0.21031566858772 0.693174474729772 0.2951336723264 9.79053486626915
3.785000000 0.966672549008705 0.129106174748906 -0.824329753324543 -0.732682878958379 -0.491236542114632 9.77627886000128
3.790000000 -0.423445094108323 -0.986695579246942 -0.725271869322877 -0.297666232705892 0.925761812331975 9.69345337613697
3.795000000 -0.194769039375134 0.32701383406623 -0.313464834035125 0.379814110407519 -0.301642087894325 9.89250920719844
3.800000000 0.978098463256889 0.325108352734292 0.298478155070207 0.273232134651966 -0.0210093162120363 9.80455731538783
3.805000000 -0.422475700929051 -0.987724560307211 0.212980352906967 0.0862877569563165 -0.276805293409529 9.90080043007596
3.810000000 -0.0932431812832333 0.709146297401351 -0.997916620223744 -0.167481369882581 0.171157663302104 9.70519445677449
3.815000000 0.3966978310592 0.891626755656501 -0.644721211700105 0.374796293384766 0.21673510745947 9.74388685478933
3.820000000 0.102175067692145 -0.515366378945935 0.141389022181457 0.679699366763094 -0.503090939253145 9.9560145503994
3.825000000 0.24782177212081 -0.799594711419006 -0.480146619249204 -0.845421410093746 0.909551586913667 10.1225300246207
3.830000000 0.246540124177253 -0.366209385621459 0.0570978722800957 0.298157320031038 -0.0329808253017165 9.77141430968118
3.835000000 0.73851329914225 0.52166246786791 -0.942831840339504 -0.613458274683663 0.717388258184021 9.61993190433729
3.840000000 -0.160957405884265 0.36808440804858 0.213146653591258 0.605029717835146 -0.411811824614094 9.82211101861092
3.845000000 -0.384452985313001 0.714986592398485 0.629978316663754 0.602644235641996 -0.204304159248389 9.82929583621141
3.850000000 -0.733905681285032 -0.777191812068779 0.567171028613658 -0.428978319945269 -0.373780595778385 9.79685233121147
3.855000000 0.692226053072245 0.810072406106662 0.842730793097397 -0.436598601488675 -0.331150315390504 9.76658881880658
3.860000000 -0.657035237018501 -0.907761890398228 0.627715537151189 -0.041488221400179 0.807224702000257 9.71281348057591
3.865000000 -0.865787707206694 -0.202409137600292 -0.544285744216426 -0.691111947265971 -0.998955114744117 9.89538675784133
3.870000000 0.292830254553273 0.157915645818187 -0.126099759305874 0.385514402475913 0.84130321063162 9.92220047772904
3.875000000 0.129527691346373 0.864436492260749 -0.634192611851819 0.0610134979062777 0.746432830461502 9.94331532683879
3.880000000 0.0479093720428223 -0.447926697064157 -0.533903131044425 0.609065385353316 0.154993845687711 9.8675175726991
3.885000000 -0.0908027845857677 -0.592298867922415 -0.667483324030174 0.440893456079482 0.975917045947126 9.7454413993653
3.890000000 0.0108613320676896 -0.559887689333357 0.415943578544978 -0.79355186121238 -0.875853687466985 10.0013861815887
3.895000000 0.906715054952872 0.887412795744563 -0.604424739072297 -0.0453755739356277 -0.560513902250917 9.89898804963046
3.900000000 0.461981292563482 -0.0296539426919324 0.205188044908079 -0.628821492953608 0.378047189385652 9.83782043661071
3.905000000 0.163051651401004 -0.589118935907781 -0.796218479888615 -0.826087017462629 -0.149006625241137 9.80445785088985
3.910000000 -0.834803631452286 -0.548754246695318 0.465093389835718 0.771681136345342 -0.73143678611677 9.72259501106248
3.915000000 -0.50492962240471 0.354428643060116 0.129902694900475 -0.0654435246556269 -0.783899227987928 9.88191286091561
3.920000000 -0.336061437305092 0.734224464620568 -0.950739429309377 -0.958014247919439 0.27192918456715 9.71021834579182
3.925000000 -0.727786402091285 0.599731507524723 -0.391106181494475 0.123206972667578 0.219456606181085 9.82107728589909
3.930000000 0.440500694066519 0.563440049795173 0.156334110142819 0.709063907949749 -0.8289023683541 9.79324013978722
3.935000000 0.469616134404026 0.0142448716863268 0.600724485516886 0.685716906416098 -0.292162622926832 9.92556750251803
3.940000000 0.863985367987298 0.413059541682275 0.413761691848636 0.135914552554448 0.274392075498771 9.87708515797014
3.945000000 -0.590556814144625 -0.820210794834518 -0.330187353924935 0.628899792036461 0.169044145927319 9.61622599228066
3.950000000 -0.668400644170307 -0.830113124023244 -0.681391252987735 -0.497303012524407 -0.714925632679335 9.90894779720089
3.955000000 0.217195794553122 -0.230410517766332 0.440407408140789 0.925033171626289 -0.100649614399602 9.68728563065351
3.960000000 -0.782734081047929 -0.289429197688321 0.899250306142145 0.491657995382165 0.520282481573654 9.86362751213418
3.965000000 0.649934898898906 0.708076313933393 0.558625458534167 -0.181020956105097 -0.523764380032087 9.73885536770817
3.970000000 -0.257934898723818 0.747132630901007 0.310531963273199 0.0271394685968476 0.950083553767802 9.94828568672938
3.975000000 0.248986442223651 -0.777762622468994 0.0923125190158898 -0.851663172175951 0.0264437557321247 10.0284785025751
3.980000000 0.0996924327219335 -0.189077113377432 -0.264632330864962 -0.380025086635735 -0.718931421506652 9.82936883950539
3.985000000 -0.319495737235758 -0.821493595755423 -0.234221754239044 0.422569364040424 0.925639035145584 9.88684117409023
3.990000000 0.0430019353716644 0.804693612179111 0.453776179558493 -0.864685545612446 0.95303044000316 9.76406968537863
3.995000000 0.723929609974813 0.62412851658842 0.675625907106151 -0.540702721821471 -0.755896570978638 9.78508482442449
4.000000000 0.887697962991753 0.714636267029977 -0.0978699527205293 -0.362319516652412 0.672579536993327 9.67214172852851
4.005000000 0.00520367315281356 -0.258174078193574 -0.485332008211562 0.454912504858762 -0.382451491142833 9.9110959697799
4.010000000 -0.124931227939637 -0.859772514486579 0.795864899547708 -0.1719007888678 -0.379552579195962 9.78011613407452
4.015000000 0.944429500002614 0.368428137790611 -0.196325691973942 -0.811467071907347 0.32512262339011 10.057653933896
4.020000000 -0.248760809772071 0.884466985186779 0.850501068798127 -0.576181273710067 0.467101294299169 9.65933106479673
4.025000000 0.408513877265395 0.376844500832653 0.927217471379422 -0.973937614808761 -0.552780338354772 9.85468009712907
4.030000000 -0.246103736220907 0.482477728967777 -0.849612355162209 0.374343684583131 0.802778712381971 9.66265207423646
4.035000000 0.935741139545916 -0.463259363297028 0.558997945654671 -0.0819219234780976 0.749561222153512 9.93875440445201
4.040000000 -0.265944137827467 -0.730353645854794 -0.733249755452038 0.596232371216748 -0.258048679334134 9.60065906244005
4.045000000 0.701326507004596 0.420296533694629 0.282837569379638 0.387939337355988 -0.257415033531103 9.63991534147602
4.050000000 0.411077516810539 -0.326804223156909 -0.263837512239738 0.129798230309877 -0.579596012634968 9.76850042245105
4.055000000 -0.515478862223904 0.211191197489943 0.27422320343285 -0.765917641001715 0.521428333372543 9.81812958184993
4.060000000 0.776159014448597 -0.175206563051421 0.757534731997892 0.477485520521871 -0.754910030288114 9.78419442450623
4.065000000 0.0771061336049372 0.735841923270301 0.880647548418794 -0.511816350515846 -0.59096230081793 9.7745213806411
4.070000000 -0.435409463679143 0.270175132560625 0.185586814389372 0.0491116740969531 -0.518633670880754 9.852173901668
4.075000000 -0.741721143825781 -0.117007099612154 0.218233573817757 -0.89000457799528 0.97135884034045 9.9213125373135
4.080000000 -0.528121892143098 0.179878829596508 -0.230734129078097 0.337302964803438 -0.832446234222709 9.76701871809652
4.085000000 -0.665444345989006 0.482182587255809 -0.334988650556183 0.952537534736347 -0.68837572619709 9.95224315760525
4.090000000 -0.721286440138373 0.704078995484896 0.957021105083181 0.561907592956865 0.706873657976684 9.84034515217698
4.095000000 -0.9248520647757 0.347951125981263 -0.10812756470783 0.0099367951089222 0.0768446964569598 9.70360547114223
4.100000000 0.692482571905704 0.774198395094927 -0.59442929718384 -0.972961775014625 0.256380981419413 9.84126034089649
4.105000000 0.0652163424832823 -0.421102502113722 -0.0936325802903775 0.0222374466351407 -0.859194910088179 9.7587796058661
4.110000000 -0.421606409094113 -0.107570881539756 -0.28246878799166 -0.346458473869813 -0.759619756489815 9.85782561364948
4.115000000 -0.026845810481741 0.853293945013217 0.163335507346008 0.674207696539447 -0.789336666366708 9.71556923500538
4.120000000 -0.117143696694236 -0.295212928808859 0.686816089640752 -0.137567937903836 -0.727207674517859 9.8150557833205
4.125000000 -0.434102475379641 -0.0289120939694867 -0.639753885399436 -0.293297384536498 0.58432898371682 9.79235405667697
4.130000000 -0.231487934119761 -0.755714809408279 -0.183735900178429 0.00889230939042407 0.853688837892231 9.78002260258317
4.135000000 -0.666963634857425 0.489452756703576 -0.498949276981386 -0.456300300292811 -0.654729165907357 9.9951298894976
4.140000000 -0.345756115087194 -0.153250174202607 -0.909440801436752 -0.072963789605053 -0.166250146537204 9.85035750389222
4.145000000 0.126367590914652 -0.374709007039065 -0.893650007384666 -0.289303426299851 -0.498626060550393 10.0092085838397
4.150000000 0.877389163653082 0.689683248144427 -0.72122168527973 0.731078001545313 -0.830574331726215 9.71460508130938
4.155000000 -0.905651680149907 0.0589717501117717 0.0461617331235491 -0.560380846057265 0.00842856383343626 9.84481573319735
4.160000000 0.0528452960089061 0.75830548990439 -0.410291341790134 0.886595149471702 0.913585174788528 9.84080249316268
4.165000000 0.480044529531172 0.39259252017019 0.750649339403328 0.981418469912102 0.0256964923002274 9.72757890999891
4.170000000 -0.686248266923357 0.530082789030896 -0.365836344364023 -0.516822598649572 -0.865021647822588 9.70797514816079
4.175000000 -0.748943567159094 -0.968198832109663 -0.331054174029759 0.259484996674342 -0.76210336189815 10.0216969942291
4.180000000 -0.905002394646873 0.511866103630451 0.177337082651135 -0.991417220789668 -0.633380360730635 9.89106069510562
4.185000000 0.856172128513536 -0.200815116614483 0.828082638712638 -0.11813138011756 0.423253369249056 9.71086602959598
4.190000000 -0.779817496323873 -0.25555174669975 0.611202614200862 0.205821939374237 -0.0262250737409224 9.92533115371472
4.195000000 0.12174404371611 0.475519746297747 0.979412869540701 -0.956098511794628 -0.23373832052282 9.84059644269161
4.200000000 0.769051399905724 -0.736649501946126 0.930713682403189 0.59713403768704 0.145219117936315 9.76562242308981
4.205000000 0.090972153046621 0.285991050901819 0.349291324312469 0.311154657654071 -0.969560696729254 9.81148841941921
4.210000000 -0.177247015376225 0.754599704292882 -0.353065018240858 0.944497029271208 0.230119449659306 9.93096010940178
4.215000000 0.939979890333479 -0.216248421564814 0.466553338554945 -0.652841740126182 0.915280377452858 9.85844931043251
4.220000000 -0.167261224783613 0.755727875864006 0.199961109645647 0.509259924995368 -0.314098731295252 9.7870163372506
4.225000000 0.602087919415016 -0.174309720832067 -0.00431347033209795 -0.880935484487999 0.829904508697756 9.82378327395472
4.230000000 0.103187339894095 0.751335060108143 0.100164797669353 0.803945665156443 0.295501167557901 9.72387205681505
4.235000000 0.38730294787665 -0.497022379886835 0.997659243642194 0.997811705804342 -0.651028321893433 9.84118343035952
4.240000000 -0.660342057077373 -0.560559151489548 0.839866050444481 0.134908918819814 -0.525366559403654 9.8387770202629
4.245000000 0.288759485487249 0.434682704245058 -0.732656804720246 0.0516960281188115 -0.461533627222075 9.93132417774823
4.250000000 0.17447619939897 -0.901467746077789 -0.321224142481212 0.7621734429906 -0.139413240896265 9.78960612835906
4.255000000 -0.936109490662864 -0.385877259720991 0.68864402160451 0.817430091005485 -0.836944471968778 9.62611564708007
4.260000000 0.444875546472555 0.123810079472051 -0.798175649623468 0.00589403091273 -0.0856862147737696 9.85499953207364
4.265000000 -0.457720136948731 -0.0209568929956094 -0.447812485251488 0.345310950346902 -0.382325723479654 9.89801914247968
4.270000000 0.488837157138082 -0.695570037558475 0.362528939434573 0.753988219310524 0.162675965187455 9.77988850756746
4.275000000 0.243849539777194 -0.468833513310567 -0.120378049612221 0.500720478361808 -0.465911935766187 9.67063337572529
4.280000000 -0.0151423583809018 -0.919043303429635 0.92463304378308 0.425434375845564 0.26261367707635 9.81248440582657
4.285000000 0.541464905972343 0.256067059587719 -0.681398107521887 0.0303020621791026 0.560497022960566 9.64856601915536
4.290000000 0.107550281615718 0.152401240147837 0.574492974008663 -0.64860017953841 0.68356772683727 9.86747677123269
4.295000000 0.744547364183025 -0.556972591931453 -0.393088581689209 0.00716104032805243 -0.0900596860284264 9.63269034693431
4.300000000 -0.966459342262922 -0.636572862806065 0.978231229809221 -0.647857448853486 0.39372920030436 9.83003818401848
4.305000000 0.330420720079178 0.836394213063826 0.492223485136509 0.0139884469164482 -0.709490864402377 9.66454752281991
4.310000000 0.42868893939475 0.428263639764983 -0.548952441452515 0.947083304611539 -0.39025931776979 9.85415802387145
4.315000000 0.202755963058563 0.300051025720337 -0.771959000160899 -0.975281805719846 -0.977784804989484 9.87633669117989
4.320000000 0.539174676658201 -0.353002408218105 0.959894012641112 0.801075915713364 0.787821256456813 9.85839976790788
4.325000000 -0.695696822225906 0.92797926344349 -0.375611476309417 0.535947415761625 -0.284563845621684 10.0701596194678
4.330000000 -0.999839234165772 0.573951736825496 0.362078634724989 -0.609728522417009 -0.209396163564825 9.8132856025957
4.335000000 -0.410447208867617 0.712537699245167 0.280226494781779 -0.0223018764622053 0.712984124064904 9.95863173615989
4.340000000 -0.459051704713633 -0.28053333390529 0.0532347155051467 -0.671230449188142 -0.990218602116322 9.76600736265468
4.345000000 -0.381315894136818 -0.766797184835559 0.85003199235072 0.334120260241497 -0.713719722681548 9.7490936051568
4.350000000 -0.611805217159821 0.862682607892287 -0.323287478333007 0.178798619275353 -0.572482796186806 9.8119935681273
4.355000000 -0.920427275784513 0.477669950331407 0.994768119414695 0.792556848280391 0.371620652904557 9.87002543392607
4.360000000 0.473807439894326 -0.90204963642268 -0.758661500997218 0.483588837778004 -0.211344793071665 9.84019401603251
4.365000000 -0.91664439435892 0.647705404855174 -0.258540426966986 -0.630364117040468 -0.538051549130143 9.7308950839155
4.370000000 0.104746152229955 0.332789449641849 -0.971058147945934 0.532263356974471 0.699824474612169 9.86610753393265
4.375000000 0.704055257935103 -0.45589852959658 0.571954047108048 0.0756759108396601 0.298442243271713 9.5671627970879
4.380000000 -0.285379942173781 0.229583357102044 -0.744161480918602 0.503275264754554 0.0797361475786829 10.0374693145261
4.385000000 0.701217337372348 0.652074150579085 0.532727637110617 -0.836834212689118 -0.105862305083248 9.81641198432737
4.390000000 0.521594012864676 0.0422508740063063 0.531147204121178 0.221418487476845 0.268636181610001 9.43069009449373
4.395000000 -0.375417974486676 -0.427230268450095 -0.951632650546559 0.923024268785037 0.189439426730126 9.85111201170916
4.400000000 -0.733804435345253 -0.0488875298988481 0.407334749310899 0.34593171223343 0.00462440261832642 9.73321699983728
4.405000000 0.970023476504732 -0.958248898367513 -0.130992472698443 -0.135838829509839 -0.769444335144686 9.91195972213439
4.410000000 -0.0754325776712189 -0.605807779173277 -0.0264318348031639 -0.80679639699254 -0.525327224063374 9.9416367184413
4.415000000 -0.45284641788008 0.214262392006005 0.0222790702349875 0.736593008850046 -0.749125400441292 9.75349473236971
4.420000000 -0.33133450957543 0.0479872408546449 0.863001876446885 0.673289893974219 0.365936566780292 9.86616745055721
4.425000000 -0.586223557398759 0.248139160335129 -0.799878787156138 -0.355667891612122 0.130455708657603 9.90162651210252
4.430000000 -0.751773266006156 0.932031228175401 0.344433800943398 0.414121776546408 0.0312860296253517 9.78476665429746
4.435000000 0.771118120183758 0.26883288345711 0.396328932324578 -0.560216390322995 -0.683179876619568 9.75249860913256
4.440000000 0.0187167325144246 -0.954867408589864 0.740344297019925 0.218837945358286 -0.310535300201986 9.82353438489475
4.445000000 -0.0741768642674092 0.739362628077791 -0.544003563720735 0.174049869726435 0.67139385532187 9.71364735458492
4.450000000 0.692017620285981 0.216555813893935 -0.243755017055085 0.320198011268022 -0.904185418926266 9.91234417260739
4.455000000 -0.0328532871943216 -0.0941489828257583 -0.248525678761548 0.0802202155255807 -0.411392292665035 9.87189075603897
4.460000000 -0.572036938542517 0.312769648298979 -0.173837614792324 0.11742776218682 -0.816430347886137 9.82270473317027
4.465000000 -0.152470811806838 -0.340629315628032 -0.716557343358434 -0.481076956484968 -0.540199078405369 9.73979100277058
4.470000000 -0.911829884122978 0.977847911407169 0.472016552217312 -0.816015302117921 -0.494788987326803 9.86027175766915
4.475000000 -0.0331015368146363 -0.57239746841248 -0.447422058995544 0.555506170520329 -0.189566998365134 9.99408214288669
4.480000000 0.43777294058249 0.988992996508718 -0.644176174720831 0.621342592696353 0.0971595566240882 9.83569337997096
4.485000000 0.218568756812517 0.0141780371843734 -0.536388211667718 0.678369678407148 0.885792340098783 9.85666485697531
4.490000000 -0.842052846142116 -0.831726360987744 0.363252217584873 0.834075365138275 0.640631364491131 9.81557822415087
4.495000000 -0.681787403152225 0.0484874607289618 -0.689493038546989 0.755985537430265 0.0374804563063571 9.7660086576535
4.500000000 0.225528860104051 -0.891936490261898 -0.920671243183627 -0.555902384014755 0.122241546922476 9.81066167442582
4.505000000 -0.771844738988134 0.952655514680154 -0.018003657002935 0.891217887350925 0.254860285322583 9.92921778482565
4.510000000 -0.0517368181849536 0.235696757787697 0.893332195418576 -0.166079967825711 -0.692192343851641 9.7942505034969
4.515000000 0.967530329696615 -0.0801120517217144 0.284645405264872 0.344858458891911 0.0545279602774082 9.85909554372263
4.520000000 -0.0457281195771546 -0.424836484447511 0.676797263173758 0.0767391748152391 0.583197402573748 9.62814334585143
4.525000000 0.796170411536549 -0.715745026113347 0.70513724149444 0.855661936968408 -0.097632524137214 9.73232921324521
4.530000000 0.660661814576323 -0.43304181817595 -0.159024866837554 0.628192143341616 0.486846130102335 9.63391813823187
4.535000000 -0.364205198066405 -0.574027430067783 0.675230807473525 0.590066683287763 0.00113608548470601 9.68616181888669
4.540000000 0.256980593901584 0.696200546667073 0.149527231766622 0.0531510045068111 0.980455520553726 9.59201620759744
4.545000000 0.533820574886082 -0.535402232564707 -0.266546346836978 0.448673434298799 0.913714789745265 9.85575694024215
4.550000000 0.984962524839194 -0.487690917909001 0.202568746731881 0.471808654010207 -0.362070379481684 9.89282225381311
4.555000000 -0.136208895191648 0.602728004382331 0.0404416206481129 0.530596962911355 -0.81293850942186 9.9675004693169
4.560000000 0.350573219056508 0.207253028269509 -0.808746805325498 -0.740613840399596 -0.909923977176623 9.69619321506638
4.565000000 0.17374720292806 -0.362301283219038 -0.758465980998457 -0.154918848143387 -0.787924679828773 9.92759589717964
4.570000000 0.698305197850943 0.99531985539725 0.590263414937194 0.711487941309571 0.26904427691784 9.77099867806963
4.575000000 0.794583336354505 -0.559656888041486 0.663432344637547 0.981644827863967 -0.262234673491788 9.77467527696095
4.580000000 -0.902517120308484 0.509486744883231 -0.652275294834876 -0.812441097485107 0.234560514443815 9.66516784554254
4.585000000 0.709407350844428 0.25262259936548 0.253388869228488 0.921482671015655 0.479119143206216 9.90182602647111
4.590000000 -0.393901042357972 -0.0736098490066872 -0.111087718564592 0.875143234559867 0.118245482965487 9.80887019838078
4.595000000 -0.270843115295676 0.671410959992284 -0.105526353747363 0.466922212143858 -0.438359188585709 9.74151250417905
4.600000000 0.722193940413275 0.902985462873702 -0.153317405447977 -0.0432455460742328 -0.0253059039941551 9.69832026931044
4.605000000 0.110393772418794 -0.381548960405192 -0.394415883996718 -0.410487085306313 0.229230142770908 9.62341898508329
4.610000000 0.71047233404148 0.986346486018201 -0.0553366909992586 0.718450950327539 -0.10082469559313 9.87296530597784
4.615000000 0.140742404917601 0.951502721734113 -0.993643854741773 -0.303996838305144 -0.389373588091402 9.91603295772635
4.620000000 -0.314695460402731 0.573682720574403 0.315080180445258 -0.949633290036411 -0.74221583443797 9.73272078543311
4.625000000 0.0149868675577394 0.898047892329305 -0.194920866375286 -0.218075877622737 0.733376991810918 9.90788291920439
4.630000000 0.659526621764305 -0.617563033298386 0.162300275248615 -0.441298073828825 -0.943742840524643 9.84635483587584
4.635000000 -0.496335095491416 -0.641292977911091 0.893002727019136 0.114291317348504 -0.912742892239589 9.73022677945374
4.640000000 -0.934325929700549 0.88668050332306 -0.177071641747407 -0.676541764138519 -0.687845544744211 9.98159722794988
4.645000000 0.389794000140295 0.991905651051507 -0.890934555740531 0.123170991019891 0.665085786797612 9.9040114326514
4.650000000 0.929276069593279 0.729320591189582 0.883314334733092 0.985533229068636 -0.718517225104625 9.63849357833064
4.655000000 -0.405627768209962 0.0755355204807293 0.899438996752463 -0.318370660449551 0.567526871137101 9.89116350694957
4.660000000 -0.642280177977998 -0.722880654839278 0.956659178229356 -0.330125722722209 0.768865452971712 9.74721799859827
4.665000000 -0.718169556799424 -0.199522867426054 0.65292014631113 -0.151149240858457 -0.874910459795459 9.7748461053025
4.670000000 -0.755930916292561 -0.249737763428007 0.644801804630459 -0.1615586835712 0.825797757052722 9.8888908977597
4.675000000 -0.984719879918136 -0.0257383571126211 0.0265255696263749 -0.627000057896134 0.251380988048101 9.95912000198787
4.680000000 -0.873329558350765 0.0398898194729769 -0.821094107730824 0.262061788356892 0.145970863823765 9.80139416752308
4.685000000 0.309587095542619 -0.812371539795944 -0.61891277582334 0.887758445873744 -0.803967665789634 9.68272735675981
4.690000000 -0.300921096140948 -0.607785626131941 0.278542734346605 -0.475123339088225 0.936455175250981 9.80279437974636
4.695000000 -0.675264762563289 0.0242560212613345 0.927911604721058 0.367609457749692 -0.955497538650174 9.78564229505815
4.700000000 0.316643834727185 0.553470140115111 -0.315855309979923 0.3791827547267 -0.647638850681316 9.75178514978627
4.705000000 0.881490230505117 0.762843549141122 -0.317734959217596 -0.371097200257283 -0.797055033872395 9.98070587840987
4.710000000 0.90622060555323 -0.042427651138244 -0.719898909199936 0.824421893723505 -0.0906923567367216 9.96018455838869
4.715000000 0.0772321443433093 -0.302939644690109 -0.398347662481641 0.121734605693135 -0.248357598319816 9.79495641338072
4.720000000 -0.437378246075184 -0.970712350667786 0.447468990202746 -0.0850170967564998 -0.976980566036413 9.69790941975149
4.725000000 -0.466587536719901 -0.0199312814604171 0.712040262162704 0.554529636890874 -0.538443580986207 9.73786450377879
4.730000000 0.442682760508118 0.421409629015908 -0.205366366172846 -0.788168489834372 -0.344547491215424 10.0248665728091
4.735000000 -0.00639961613640172 0.660534267155702 -0.733743538956038 -0.661256656824265 0.728820502631748 9.8448867227084
4.740000000 0.7438611191436 -0.608949573528464 -0.809430304825972 0.392292394951122 -0.704439909991082 9.78490314967014
4.745000000 0.947762167056912 0.435028973703752 -0.616497810751432 -0.590681414860618 0.0532898395570414 9.65646965695789
4.750000000 -0.682986196914216 0.945609729711716 -0.292195889769213 -0.0275336881296401 0.817475506950857 9.78707631907014
4.755000000 0.277230242862008 -0.504172380782744 0.149819233058868 0.00605074456243337 0.324705835117356 9.81743309089052
4.760000000 0.908900652038353 -0.627090068360367 -0.539140652650567 -0.795539258884052 0.340603380156962 10.0309474593979
4.765000000 0.618877032594232 0.416935484584857 0.697684131421933 -0.327833127848726 -0.687460341345268 9.63728583557467
4.770000000 -0.205730044844435 0.875943581515897 0.602019773610877 -0.388254537893578 0.492639557222202 9.72825034248836
4.775000000 -0.672581448998573 -0.427359414951577 0.775920543715321 0.652124386118783 -0.909509190316083 9.8417261792612
4.780000000 -0.796147797161782 0.671774091977521 0.36539874568833 0.237285498174506 -0.0398603626712506 9.69058105922627
4.785000000 0.656442650433836 -0.0332393595172276 0.506483995125854 -0.175417879212377 0.596314102223289 9.92174366140732
4.790000000 -0.0875005885434805 -0.8068347414056 0.0299248066870146 -0.664679236553926 -0.0369649422527127 9.59622830577908
4.795000000 0.00946774380722437 -0.00154784182158663 -0.302783619287789 0.730159083255641 -0.00215638009931729 10.0353876031474
4.800000000 -0.299838816421031 -0.722891486120825 -0.561018679086593 0.660300820907718 0.261384292161737 9.79533292075327
4.805000000 -0.940037057707103 0.82460858292161 0.742409063383196 0.656277044516186 -0.874637467728293 9.87939341905267
4.810000000 -0.363899976650206 0.884535726106044 0.373182707174301 0.599135081097081 0.241879083794485 9.80604217925703
4.815000000 0.279596213847211 0.035307061409255 0.981505909926028 -0.722560167183429 -0.936305846989297 9.73998681812714
4.820000000 0.17032419292737 0.918116977400201 -0.575843843433933 -0.568291515842216 0.0113192792103249 9.85057458303878
4.825000000 -0.433110672716569 0.0919444892052304 -0.272440734911915 -0.307748140444862 0.534879253960624 9.8471327863986
4.830000000 0.770114357476176 -0.291415007455002 0.384440566126462 -0.891794962758103 -0.0400681807846148 9.70682496680912
4.835000000 -0.0585233881410786 0.207206252593177 0.834653407258286 -0.579387731654284 0.971061590114171 9.76529931992388
4.840000000 0.43668608434344 0.350048524956242 0.13749849104206 -0.213778489834526 -0.57866925447186 9.82137428482448
4.845000000 -0.60336032211937 0.413045252400006 -0.268939804876661 -0.873246518836006 0.584024528779101 9.96572055899718
4.850000000 -0.0936489035811503 -0.385509442251879 0.462343922565851 0.866282915634235 0.278527336790472 9.71913190760954
4.855000000 0.813062274741503 -0.357625948897389 -0.359383783936214 0.784123863924352 0.647351650356945 9.81893749623452
4.860000000 -0.670606014165378 0.316840100715328 0.870259243934536 -0.249275268637238 0.0212279190408196 9.81758532736828
4.865000000 0.161470493842601 -0.369325062897673 0.544621079016766 -0.254504978309621 -0.171558959023822 9.91141534003888
4.870000000 0.601075053029263 -0.332311035754304 -0.832166150134134 -0.591204304057734 -0.112307088036233 9.96843210322116
4.875000000 0.765019987600399 -0.301478602598178 -0.492345410162744 0.944361597273667 0.782559131170883 9.92020034833392
4.880000000 0.58777330703464 -0.71757038483283 0.401243616548015 0.48738804994495 0.700297212088619 9.82591940186625
4.885000000 0.308209132080995 -0.0534959719765447 -0.980410640118835 0.407843039095329 -0.318703835512839 9.6950504176792
4.890000000 -0.923560048417915 0.137654717610057 -0.30883308654131 -0.0358671355228253 0.118550842217426 9.77387885182799
4.895000000 -0.559141943025935 9.65823419842859e-05 -0.172067574771153 -0.776582811855051 0.837145158013862 9.82421114310339
4.900000000 -0.628436263477633 0.27747917886706 -0.0876934868691924 -0.928139051389014 0.840193289257676 9.89695507870628
4.905000000 0.97687352820154 0.336368599597536 -0.443754540497323 -0.341830308242622 -0.254880413066074 9.56473472493608
4.910000000 -0.336278956074398 0.631707822732491 0.785692403924508 0.782271886143029 0.374044482304735 9.87593924140585
4.915000000 0.278230977839898 0.493775140258379 -0.96168027257625 0.115376134922437 0.582909262544899 9.96513402074874
4.920000000 -0.97366605325307 0.0322277578675318 -0.517029388582813 0.343113186463301 -0.81936982172512 9.69093970513803
4.925000000 0.118013830444782 0.42460137206344 -0.737058035906897 -0.941445261212739 -0.753839089420549 9.85746898779038
4.930000000 -0.69001229092945 0.374777609191266 -0.120790416896711 0.588218686910448 -0.131447251481678 9.68906254533872
4.935000000 -0.167915399730166 0.24388941994118 -0.594064990800836 -0.975880932051633 -0.303509468819718 10.056646071735
4.940000000 0.775382142409395 0.236977004090779 0.639305281284873 -0.545136073392414 0.973852641868336 9.74434221279216
4.945000000 0.163457613980145 -0.493863588894654 -0.842520476245564 0.872392508141879 0.570443454929834 9.68030576095819
4.950000000 -0.944314080264566 -0.884277136011178 0.367182347628839 -0.240719259363003 -0.432815124947957 9.80971412837731
4.955000000 -0.776613984152961 -0.300339309172863 0.405388840197301 0.279732841662938 0.879121833424606 9.89583276063493
4.960000000 0.635634909214282 -0.509437513309269 -0.724253775423511 0.515100207885308 -0.272642907347829 9.81844821264309
4.965000000 0.763207213842872 0.168199941128585 -0.734326826284792 0.010377329313372 0.617852978230386 9.77614159259547
4.970000000 0.0806398350189625 0.693285068354236 0.184302272826574 0.0838099946658173 -0.333595048325879 9.9108939054533
4.975000000 0.252564774478117 0.204130976090269 0.181019632695718 -0.111800317238923 0.694693462781 9.75007397492625
4.980000000 -0.451614068565711 -0.955973692217829 -0.687134739797159 -0.853857583298282 0.842232249603715 9.76549528019636
4.985000000 0.086449802427762 -0.0678046639393105 -0.570735483230434 -0.787450004270044 0.917230661919914 9.81678128331645
4.990000000 -0.406285654476977 -0.427759984241687 -0.490778777511222 -0.622814968984022 -0.355966192370265 9.85630723861375
4.995000000 -0.215201736062393 -0.904533210166047 -0.32243696102986 0.188098154583991 -0.482482654732877 9.67825607219166
5.000000000 0.372091387106148 0.0743567110385543 -0.0935449204843235 -0.313566255063548 0.182262134357478 9.86249882637558
5.005000000 -0.794545123257928 0.535859741985732 0.121431001984249 -0.888710059173736 -0.362607325130425 9.89628368714351
5.010000000 -0.90766962147675 0.327563764214313 -0.65674375074764 -0.867892071543211 0.224162345390843 9.78395496378809
5.015000000 0.197058763912441 0.357013713269035 0.256417119529293 -0.57081677465272 -0.812603682192324 9.83997369605364
5.020000000 0.31494225064057 -0.314197929256688 0.0867562792667915 -0.0664286692936107 -0.702671279060967 9.88754802647576
5.025000000 0.403501096835128 0.106823747561697 0.133905069499232 -0.912968947511618 -0.746562356011273 9.70681257198805
5.030000000 0.358343376479272 -0.361242838837785 0.340723471409047 -0.288751513366006 -0.352282229509336 9.87735011682626
5.035000000 0.537233551748671 0.998133755288149 -0.726040241180938 0.72462987048767 -0.373357739007733 9.85022090660996
5.040000000 -0.536698234051791 0.905237546146492 -0.124844157660773 -0.239369513112758 0.197448702155356 9.78353210085826
5.045000000 -0.5485893392696 0.313295279309757 -0.312019148521134 -0.29515169434955 -0.460469273599083 9.85417605883419
5.050000000 -0.258667170656224 -0.357734329699415 -0.390877410485818 0.38905059983444 -0.177514490288456 9.69369810755518
5.055000000 0.348972980561188 0.507786892125284 -0.91565106991476 0.975615241553455 0.285286588261503 9.64493416207036
5.060000000 -0.490781158903046 -0.994483555664534 -0.863057492237099 -0.311390950023844 -0.39353375667405 9.67858244398488
5.065000000 0.397022762055054 -0.405256326033387 -0.560690841432983 -0.861644409532493 0.237009344267198 9.76120724289378
5.070000000 -0.580786085492366 0.748243954846749 -0.730979785197871 -0.496437155407126 0.723859195468882 9.89869802713633
5.075000000 0.302895156342022 -0.785539214399429 -0.566585458613273 0.812113997438975 -0.780022770063962 9.75756544026091
5.080000000 0.158710219505574 -0.497372624230279 -0.879109432864519 -0.548088306350675 0.0440624314565503 9.979194055174
5.085000000 0.656268920589364 -0.716335289048187 -0.468196661895233 0.18367511089131 -0.656840435069446 9.80213403363041
5.090000000 -0.320681734625568 -0.786071352561038 0.265936324031063 -0.596822539156686 0.768235450502595 9.81305945412777
5.095000000 -0.113209847879228 -0.522349050046107 -0.116755396647731 0.10676738205681 0.0480080000348426 9.76911515836113
5.100000000 0.572014752576135 0.705285279874357 -0.58597095198276 0.228283673165498 0.98894999082617 9.75872513852629
5.105000000 0.876906697581013 -0.643132784237681 0.0944830342635898 -0.443775037044554 -0.429204135867396 9.68184119428851
5.110000000 0.032748724814853 0.0036388314346032 0.410161920548492 0.919538876935625 0.481289781388496 9.63683776681508
5.115000000 0.677374174668162 -0.0404828866200908 -0.26398400089889 0.563969201205284 0.0136185367655095 9.72729522938674
5.120000000 0.0999311903025635 -0.0913442927838044 0.81391696157582 0.0888811811287333 0.854488093338203 9.88140914073982
5.125000000 -0.417257039536376 -0.484526229782275 -0.712380247987984 0.153538824596227 -0.124106871487623 9.79637192939427
5.130000000 0.828180729331533 0.731950788633875 0.196138582749357 -0.145513013538678 -0.738751430874109 9.80969511717707
5.135000000 -0.56251804230852 -0.172377363393259 -0.60808952041347 -0.0678913831095637 0.413255925017062 9.82939469164523
5.140000000 -0.419277149913496 0.695252416513512 0.453048630362865 -0.998286413959361 0.426647205570083 9.87381730390375
5.145000000 0.189330414491394 0.393080484770742 -0.0387108666071253 -0.318099447208503 0.30172233716665 9.84106156685299
5.150000000 -0.0560990707278713 -0.219228806541873 0.984390052028182 0.20514949839802 0.654283949944323 9.69660591830641
5.155000000 0.0238745235949172 -0.960727287438105 -0.913833784830679 -0.135361153229774 0.266445599154777 9.72331677666096
5.160000000 -0.331397348703536 0.986538468853821 -0.244714180587192 0.185790007554828 0.70080542643592 9.71173890185938
5.165000000 -0.373483214235624 0.880592828560897 0.874044700467049 -0.788850603526854 0.0104958931964336 9.57933860823172
5.170000000 -0.976904873725448 -0.353795460124405 -0.206719903837293 -0.77449080803175 -0.262029553419924 9.9062989938795
5.175000000 0.458569597200756 -0.0940000466508791 -0.373516183054781 -0.27498480457579 0.572889018604946 9.74807598601941
5.180000000 0.172913548151457 -0.800204757507986 0.427281677456238 -0.126281026343946 -0.855588523603784 9.75222381792137
5.185000000 0.886744997411382 0.409858232089252 -0.0179223404349398 -0.102759109392184 -0.772196140034216 9.70273332082792
5.190000000 -0.523591820860092 0.358173235952004 -0.895296185228646 0.296241917319708 0.120018206126996 9.92030061105711
5.195000000 -0.98337744268746 -0.894209350410015 0.932593273898863 0.443904235700101 -0.0204903767539609 9.71577030007741
5.200000000 -0.152066987544329 0.336801401030645 0.925181387888818 0.830010672020731 -0.765957709292862 9.74978696100301
5.205000000 -0.188423942396615 -0.119707586765153 0.782384944978349 -0.0837201276252606 -0.823465670376767 9.73971163726173
5.210000000 -0.351094827685084 -0.232158109188153 -0.846092912296808 0.58178227561609 -0.499360078712627 9.7667950066431
5.215000000 0.614433880715833 -0.332917451547886 -0.489762055450008 0.0644902843350965 0.182405704251679 9.83493970146742
5.220000000 0.188181628095071 -0.36466602392712 0.260572339063777 -0.00780945131918853 -0.23849689738755 9.90500295507605
5.225000000 -0.455251013606438 0.198787201754184 -0.510640968340748 -0.278716683051883 -0.898809649003115 9.59730160320675
5.230000000 0.736754207749271 0.253966604012049 -0.668122202003432 -0.762605871894679 0.424496249959104 9.83466193908512
5.235000000 -0.313466728345243 0.180865268772871 -0.896579585921289 0.868938975906437 -0.460963775152789 9.92272577102858
5.240000000 0.140046075517333 -0.762901594751934 -0.280591598376907 0.901549178129784 0.901554979338103 9.72468202308381
5.245000000 0.334597860153112 0.963987370004872 0.16758728174846 0.435788211149996 -0.0671003149203492 9.78294478536523
5.250000000 0.521613402069366 -0.482238467541634 -0.0929519790657573 -0.0538903489028525 -0.462787744338991 9.76315439545625
5.255000000 0.0926845022908804 0.297576837845881 -0.406827705636075 -0.930789432456153 0.0247946907881622 9.8185521183344
5.260000000 -0.345832083069641 0.214611610031971 0.0733832535675649 0.821755198678819 -0.349600179749355 9.80013198055543
5.265000000 -0.324063169455185 0.611015398805502 0.354045086239485 0.582984851479058 -0.442874951028672 9.64951409415031
5.270000000 0.115002868284938 0.919200807772205 -0.369374975268438 -0.792312630355504 0.216777644686763 9.62444992000544
5.275000000 0.985775426954858 -0.408216763943535 -0.208929136958406 0.865789176833718 0.701179120550481 9.58474459614749
5.280000000 0.266993977719449 0.730800606185012 -0.219154687234738 0.356395974455586 -0.432915840033868 9.86707102768558
5.285000000 0.0397669947891341 0.524536421301093 0.812386588106112 -0.799572810437331 -0.933298748886818 9.79260655507023
5.290000000 0.135076826035547 0.336405642021636 0.921123595871554 0.411974764155212 0.577977976565239 9.74266761711609
5.295000000 0.429542579422492 0.171101639592602 -0.768508683782308 -0.490056634643142 0.945664013710648 9.77861489844695
5.300000000 -0.145118731607273 -0.19217186942332 -0.816708531145336 0.822292640722493 -0.271042623217703 9.69133446584979
5.305000000 0.423485653206467 0.413530312205446 0.468733419416814 0.543113649610017 -0.889143411949809 9.77873451421944
5.310000000 -0.984214992255073 -0.54250273273443 -0.0898805330925996 -0.989033317188282 -0.978749330145656 9.96310479990543
5.315000000 0.551143625542123 0.0287105371377945 0.960736614633695 0.49680763925277 -0.472804168925064 9.8435430414053
5.320000000 0.00930871582092196 -0.593391567279301 0.204369739258834 0.738266092603219 0.629666896364496 9.81839295427854
5.325000000 0.964729112556544 0.748343475977119 -0.403733801750342 -0.924414300324588 -0.647846280433166 9.81099439688026
5.330000000 -0.621094588945198 0.954533426069903 0.397727335522756 0.176124631043582 0.405326675346739 9.84051230100457
5.335000000 -0.554321401544996 -0.26796900167501 0.567543874293353 -0.331004436747639 -0.885891903138669 10.0156415690745
5.340000000 -0.684881318213828 -0.294729107662444 0.869676636471262 -0.405271261653524 0.758423440977197 9.76975614401173
5.345000000 0.909991447771895 -0.304774067040893 0.830475128176843 -0.982442670493593 0.0631646612021908 9.98977585244789
5.350000000 0.718291309530982 -0.567029986328925 -0.381805296699426 0.123617983946399 0.381840973804631 9.83857277335367
5.355000000 0.55506086980694 -0.942774853642459 -0.503484864488004 0.669168966668271 -0.365922263528184 9.47615417853146
5.360000000 -0.72260997710871 -0.142676561671624 0.543925156604464 -0.964186536131514 -0.308270814506463 9.74837017071076
5.365000000 -0.417776697044157 -0.779021770590461 -0.380722038159483 0.645387964158034 0.984736113801941 9.92652086097228
5.370000000 -0.912509346340089 0.705652739715601 -0.173354594583323 0.469331627464542 -0.471317390665094 9.77312997466051
5.375000000 0.373551823838405 0.793366335236172 0.752912445810117 -0.992370440621101 0.365485466721228 9.94229975848422
5.380000000 0.597882685995606 -0.49924886575865 0.678688953481004 -0.71038812944218 -0.612251495761914 9.73129993333307
5.385000000 -0.709829714945438 0.510610464732447 -0.384640229579359 -0.725093602074819 0.165131104721283 9.7331712419918
5.390000000 -0.278046615085586 0.937153155886174 -0.879094097706999 -0.98119541536141 -0.979103366834625 9.86295261706425
5.395000000 -0.485631674288601 -0.541086735921487 -0.179468124722814 -0.887748989224317 -0.0403356016801371 9.8709848111159
5.400000000 -0.43158711652811 0.293195384225433 -0.682615291179444 -0.141416830542226 -0.196194151973442 9.83949023223142
5.405000000 -0.364437713923137 0.111423387709737 0.221558710197713 -0.955967168303191 0.916002612521873 9.85128824503032
5.410000000 0.775891699723849 0.0334535264565858 -0.0478560147098527 -0.709739975496074 0.492366790535099 9.74807644543742
5.415000000 -0.728103312537122 -0.195626082455565 0.799444091412911 -0.15969042813391 -0.902430698230132 9.79350461101556
5.420000000 0.0495732794746633 -0.167617692224503 -0.129687897455733 0.685135566482849 0.943805695485233 9.85429827371769
5.425000000 0.772187187230302 0.488328703440879 -0.53846341256912 -0.275668828410874 0.778588728876127 9.77602776611283
5.430000000 -0.594065434110381 -0.231096281311985 -0.0145263182998292 -0.794621343628793 0.609213290554105 9.85495241556311
5.435000000 0.984418134197787 0.371780736079337 -0.859511661277856 -0.145269764189268 0.056916301630864 9.57139889025409
5.440000000 0.94410234128316 -0.0180160445245058 -0.503560917220805 0.840819163173819 -0.0203164578510059 9.67400303504035
5.445000000 0.697204790868426 0.730438812510315 0.4762019000371 0.475793518813231 0.684342189544971 9.66319974785453
5.450000000 -0.704344589125526 -0.648674060426966 0.725409948139177 -0.382137132520851 0.659431971451003 9.82932223376983
5.455000000 0.884214343449201 0.511159363906439 0.832644603137227 0.828316684732361 -0.506856681549389 9.86152110913779
5.460000000 -0.462040228518676 -0.061961929808353 -0.775302410952422 -0.764835438581573 -0.331523118229361 9.78329096253736
5.465000000 0.674108420346914 0.367851362269302 -0.556904174181122 -0.583778930634157 -0.989781673992882 9.90713682513499
5.470000000 0.356614105103823 -0.57302101961012 0.445456354620613 0.346257707730987 -0.773100710368297 9.76649158263471
5.475000000 0.939430316881943 -0.985682647668609 -0.445454101751304 0.608566162925477 0.487144213862319 9.87947797151456
5.480000000 0.32767023207977 0.215081114887763 0.412741291994574 0.0386283113801051 0.567900186203374 9.73262394366504
5.485000000 -0.250252750353074 -0.729382209353792 -0.847673727128503 -0.893638646180573 -0.302403228963913 9.78095509018257
5.490000000 0.607797297466452 0.845436672608106 0.0356096937486947 0.12897133041591 -0.92910111505962 9.63144209159143
5.495000000 -0.416393827375208 -0.369567104321703 0.717950452919095 0.130210405741916 -0.657725301411806 9.81386495904874
5.500000000 -0.915751004552353 0.913191706833053 -0.158134298007066 -0.509271330902945 0.924187718855304 9.609880424156
5.505000000 -0.384445725653528 0.0597529416250777 -0.219703678609665 0.313151046313881 -0.342464431814134 9.82129399845554
5.510000000 0.394304195136905 -0.850749061373411 -0.751703190501641 -0.462407122115794 -0.225304278184336 9.65972208030806
5.515000000 0.962113387865067 0.510300472150697 0.538266858802301 -0.692595093367898 0.265316462733465 9.8158456390793
5.520000000 -0.181280701971278 0.0676729227731343 -0.919575868136983 0.599015619419057 -0.619176031844307 9.7851888275286
5.525000000 0.00329256476987738 0.910283055114692 0.891727874936409 -0.60240324102454 -0.940466007190042 9.56528118233648
5.530000000 -0.0280723343734035 -0.896784589577832 0.326875889360381 -0.0659589474396589 0.613515882572865 9.70737382094805
5.535000000 -0.512341399450014 0.462042572657598 -0.0139854908985949 -0.399096877034333 0.606826903115412 9.75456175568727
5.540000000 -0.494193921561443 0.701998445997945 -0.975438180368132 -0.11336995340575 -0.560041854884495 9.89316900266501
5.545000000 0.766775876175042 0.396828995736702 0.840847468860842 0.826309869916322 0.536853679240147 9.69184744547387
5.550000000 -0.120747483857324 0.987415472971003 0.442822396495762 -0.507231602215782 -0.147441780728959 9.92182156569716
5.555000000 -0.853689073516843 -0.64238474873937 0.941119942786694 0.753137830529892 0.795748407857375 9.73063162872167
5.560000000 0.188184532890182 0.704650846172427 -0.940261328565078 -0.306714346309525 0.147901555126487 9.80924038271844
5.565000000 0.652824417526286 0.626968327736002 0.764786129707837 -0.686635999794414 -0.8642503292599 9.84971043386736
5.570000000 0.136807042703408 0.15333769244763 -0.737159578007255 -0.491592215137366 -0.506445487731344 9.66659090802136
5.575000000 -0.837710821925528 -0.33822855601936 0.997368711045649 -0.659026791182825 -0.0366740697234282 9.77586326054212
5.580000000 -0.0332877426563239 -0.39604226844201 -0.155203883142771 -0.885386188461159 -0.569527720832046 9.75355813743112
5.585000000 -0.438120906910915 -0.131851035697316 -0.603339303100174 -0.302371236170815 0.512187609221874 9.76928769326613
5.590000000 0.850777862524045 -0.460958746942207 0.157402436787916 -0.655667626138622 -0.0518073984663037 9.91574606455649
5.595000000 -0.314803083108181 -0.223624460968945 0.451454989356666 0.648522847168391 -0.961563050729019 9.81060797357139
5.600000000 -0.400368218962275 -0.355170574670271 0.11976301908482 0.0301040602056795 0.579740191614134 9.73474438363764
5.605000000 0.0912748189136734 0.510061453799746 -0.160751952398919 -0.396537572795776 -0.792498377055162 9.77924533254116
5.610000000 0.654490131723923 -0.590140484082578 -0.597388140669739 -0.397317266742381 -0.566715011171398 9.82866982864117
5.615000000 0.957994227278044 0.164619502222454 -0.23299524804251 0.996431176549025 0.160293551702189 9.91479155465643
5.620000000 0.211867486691041 -0.878656598682821 -0.209970607985729 -0.208392322626148 -0.655530745003154 9.98891919310629
5.625000000 0.413491601782614 0.77247500874683 -0.960793498885256 0.620993224727452 -0.11207611258704 9.76007289109539
5.630000000 0.701523096161673 -0.918115431404726 0.145096751463179 -0.865191915941048 0.263503256842263 9.9474047653344
5.635000000 -0.97711923344858 -0.97970525919446 0.217928658806686 0.183174318253609 -0.412667197833148 9.90391441213202
5.640000000 -0.659147557643777 0.733129042076473 -0.409192034699578 -0.314678301715608 0.636559190990664 9.81405892840038
5.645000000 0.296509934261679 -0.839727727621667 -0.328955983430592 -0.815566179256684 0.451935853553906 9.91553259218741
5.650000000 -0.567798705570306 0.871944591343377 0.28826703377453 0.695704551271957 -0.269794144327656 9.59005109517281
5.655000000 -0.438148235640558 -0.864869308595019 0.936260940477374 0.149184566526294 -0.645360266624652 9.59626356149568
5.660000000 -0.387510369246598 0.539192819753286 0.380813874015964 -0.750951179187257 0.0632277452681342 9.7032320173175
5.665000000 0.662151918589208 0.970143630155429 -0.455828499726871 0.114087771211792 -0.679539644941473 9.77753868376495
5.670000000 0.142963930565381 0.555813753770578 -0.551633800171145 0.873169786237725 -0.902629224538165 9.69874466989904
5.675000000 0.500698924763454 -0.437482652923783 0.808407106347572 0.855338658138802 0.44187793668447 9.85524832265922
5.680000000 0.433524353165889 0.602516001836637 0.718950203489023 0.0956762717550976 0.572659631060743 9.73451096320813
5.685000000 -0.354218365323832 -0.322895027381785 -0.966875485129131 0.0941478345050233 -0.44972524114406 9.85668802032065
5.690000000 -0.210282168914695 0.96041499262695 0.739048514393646 -0.401875062567124 0.815753649834429 9.7112845185566
5.695000000 0.235294017584666 0.650901676924388 -0.701770809340184 0.538710406766604 0.0101141999522756 9.61688190630181
5.700000000 -0.17257018535052 -0.286113961267338 -0.00781389465919413 0.0371938576163695 -0.39299397607939 9.87578805895617
5.705000000 0.203432120943178 0.547629135450176 -0.653064506898199 0.753706879799118 0.678124426714203 9.65356700598551
5.710000000 -0.232933447339075 -0.330713441283774 0.0659671943010609 -0.417179798435969 0.850213009794342 10.0715540231711
5.715000000 -0.928214232403885 0.247633875928649 -0.375782567717034 0.0818999675483909 -0.0206125811769685 9.75586483498853
5.720000000 -0.155988908911119 0.0863359026081563 0.329477623724135 -0.641484290194458 -0.660876438795066 9.79660160133742
5.725000000 -0.713383377396214 0.584269271038598 0.492710616203356 0.216854667857687 -0.947888472093217 9.81884380270314
5.730000000 -0.157402630503011 0.736354236368255 0.538962813810894 0.792002054765822 -0.178138738115383 9.98855365975516
5.735000000 -0.3073514510446 -0.980976651413821 0.211522535053791 -0.496387080986233 0.825840582990013 9.67919688669427
5.740000000 -0.222811684581829 -0.363758982794247 0.0283673829531146 0.116311877554428 0.169150760941743 9.83800314567153
5.745000000 -0.481218501683892 0.295081548064519 -0.327377948596784 -0.429106973777109 0.554858715997477 9.77082654966384
5.750000000 -0.704882486585939 0.227934562241628 -0.810541860671035 0.116978775298679 -0.161316856351363 9.90448079113701
5.755000000 0.248117417678292 0.774580004520053 -0.965055389313519 0.0739579997369824 0.465432417330068 9.88380553975089
5.760000000 0.706689284046502 0.16130354216383 -0.397132833207554 -0.774529218568713 -0.543614910702973 9.79516254551633
5.765000000 -0.591300111073675 -0.87062999134447 0.713270119257863 -0.40184197174471 0.246348783954209 9.81473811976476
5.770000000 0.583986257940524 -0.881770435665627 -0.850672485237323 0.0494186752705921 0.459937570365117 9.94330018062864
5.775000000 -0.334685757446422 -0.349027982609825 -0.415013625014114 -0.627996474331243 0.812275559554005 9.73554582441765
5.780000000 -0.536657240957328 0.393838116616867 -0.720095547717109 -0.702404745715859 0.879173673633101 9.87320437807404
5.785000000 0.286762370395829 0.673314047825203 -0.855602946065181 0.114014467743232 0.482720301245675 9.81745535915997
5.790000000 -0.654088427151595 -0.661288503399719 -0.883874767405854 0.805849143213522 -0.768151315752487 9.72034583018815
5.795000000 -0.940863342928171 0.828722109938377 0.26916645340117 0.871412216625834 0.0165756517167091 9.82206960689848
5.800000000 0.26047887711808 -0.580022684102889 0.777513665974845 0.139652549819859 0.10858165803765 9.69242014037838
5.805000000 0.877792975808397 -0.123506605217004 0.509358495245389 0.360513276122749 0.104175403297029 9.87955482650479
5.810000000 -0.962546026316726 -0.456654933028228 0.255936118427634 -0.730697342069213 0.951509708516071 9.76343645682509
5.815000000 0.882058582213735 0.344969613172565 -0.697727202297061 -0.977868555103367 -0.175111976068053 9.73861394142111
5.820000000 -0.297595776290445 0.550690419762717 -0.193119383041337 0.434500565489056 0.946034447264874 9.85823074437814
5.825000000 -0.954813132041513 0.415169362637759 0.15413541773061 -0.527593297663887 -0.134743662148129 9.73817039500079
5.830000000 0.460892049344672 -0.0327385221760433 -0.379135692203015 -0.37264236592345 -0.0220921575194654 9.56032698939588
5.835000000 -0.705772117574593 0.365262469912536 -0.117902130409098 0.119115906357353 -0.0719858561977679 9.83721495677727
5.840000000 -0.125102949852637 -0.471601787708514 0.0649189330008435 -0.179068503519086 0.213071805058546 9.84450478998919
5.845000000 -0.208917745020668 0.430459854859142 0.730665376284469 0.656338592831203 -0.377950753726974 9.77616319679747
5.850000000 -0.289701071237075 -0.308413535034477 0.347653626160535 0.773288600972522 0.551552889659793 9.66730904534058
5.855000000 -0.239002585056705 -0.933434787175355 0.75785738963534 -0.517484989723882 0.696983581267755 9.57074955487469
5.860000000 0.453685935332294 -0.776014973305173 -0.862184594321151 0.730010372460825 0.482243699711861 9.99363605177516
5.865000000 -0.414763747441938 0.78251947266167 0.959326220657363 -0.637232699262552 0.865460768279368 9.6621395117378
5.870000000 -0.635408691892125 -0.891183717125647 -0.650951703847829 0.916144197767668 0.750697792391618 9.75537737314287
5.875000000 0.554164579861874 -0.892347656140266 -0.00578978238896921 0.251148160198307 -0.259593217288886 10.0234401793683
5.880000000 -0.0757387592809921 0.664999992430676 -0.132907212308099 -0.116412539554952 -0.972232706831877 9.7375092982313
5.885000000 0.308313251150918 -0.0788163883047255 -0.102253766312382 0.657361548234411 -0.162672191468381 9.99979103234307
5.890000000 0.160139233414148 -0.300874507660453 0.29477510754707 -0.845650549906143 0.950273653469176 9.79411176391631
5.895000000 -0.885809594712131 -0.846622304919466 -0.900066479994015 0.193954145160482 0.237951010110765 9.74792881889827
5.900000000 0.907782222101363 -0.113278570172041 -0.16240264808871 -0.53562547524256 0.675651380641224 9.69962400722442
5.905000000 0.803272151296619 -0.777114055946988 0.221841640408077 -0.051766936225708 0.410008707740348 9.76158453302554
5.910000000 -0.46366967701524 0.597632209583014 -0.260034296317042 -0.304196787674072 0.560956535656451 9.93315054657114
5.915000000 0.12261800520244 0.184318087615221 -0.130898914826521 -0.639430985618118 -0.791487151659786 9.9144407546887
5.920000000 -0.419330405732305 -0.709571968628826 0.449120767158047 0.96622773072041 -0.136174354299984 9.81384549991536
5.925000000 -0.532351841932327 0.847984538342796 -0.696093804992779 0.00397848105243326 0.445616746994488 9.81112235373074
5.930000000 -0.986887792119238 -0.215833739943725 -0.318279778267387 0.135730213083201 0.968484348602819 9.7758693743253
5.935000000 0.278876527808083 0.961912039649632 -0.706707734478036 0.893653179469357 0.265122203745471 9.78477551073513
5.940000000 -0.159810410421253 0.0479068565405472 0.966635888426861 0.0293032634208459 0.13357414264864 9.91022367730173
5.945000000 -0.984753593795352 -0.0676681609208082 -0.394799218231253 0.460863153199136 0.976203737769371 10.037105233986
5.950000000 0.125046157802011 0.0576330828748797 -0.300022038305189 -0.378654615664228 0.234630278886589 9.90886385204171
5.955000000 0.872507668972252 0.848379627730874 -0.59811559673311 -0.94341112111854 -0.437377403228254 9.64324958401722
5.960000000 -0.72862274466484 -0.761930122860675 -0.303479646939542 -0.100197100592869 0.839292178786961 9.66096385371064
5.965000000 0.797654420043181 0.838624169043556 0.789223001240391 -0.0772994230861307 -0.103742749012887 9.77249333005613
5.970000000 0.975683012034597 -0.939305524313499 -0.602848001570836 -0.461694391193657 0.302768468532138 9.95703884340281
5.975000000 0.73971761192182 0.764084447065408 -0.526051377656894 0.579009789777459 -0.524148794600809 9.79512617797761
5.980000000 0.288547463383781 0.912076254334336 -0.38839764864575 0.0777704646241713 -0.165223169683117 9.74853413329757
5.985000000 0.638747132215066 -0.964973122796497 -0.493873824129754 0.297557204634676 -0.624410003248793 9.71079748559026
5.990000000 0.0201147967111854 -0.338979851146685 -0.725610270968457 -0.91232111114651 -0.764834127279387 9.78902649088512
5.995000000 0.593117129799499 -0.672385458681912 0.0151978558931489 0.616619878270021 -0.0239043408184798 9.77723780166506
6.000000000 0.0416959445186407 0.00120041100364188 0.342413586258149 0.876472774835524 -0.490939986654995 9.57898530777489
6.005000000 0.445364349263424 0.320001887772233 0.243230930177137 -0.196383970415398 -0.907256117978718 9.73070459424662
6.010000000 -0.648975385189511 0.699802052089852 -0.618759048925135 -0.797212049270613 -0.591083453777751 9.90068521439319
6.015000000 0.590977958213062 0.506498151228995 -0.446265907700297 0.980576018793777 0.771141272862973 10.1004102263852
6.020000000 0.471902810722544 0.490836442211101 -0.977060128923999 0.727198377124592 0.638643586839849 9.83628544086984
6.025000000 -0.712646351993385 0.7318510486427 0.887623965687875 -0.619902469040781 0.9951967745997 9.69880229324609
6.030000000 0.052062195284321 0.128472094018232 -0.450990660791747 0.460978742437893 0.102830173961274 9.61204130758948
6.035000000 -0.414090018446599 0.438827235921671 -0.32561584996321 -0.642948745583626 0.034257271808692 9.72045642634293
6.040000000 0.146997021113987 0.493545984613498 -0.766641541275495 -0.214359392977487 -0.53910225515212 9.79246379557669
6.045000000 -0.546170375098554 0.757272508813661 0.128348924745037 -0.550973601430177 0.10953265200813 9.7354350318296
6.050000000 0.00405215984399065 0.344257127188266 0.622573589730343 -0.893117666194736 -0.576331042487328 9.82218894749461
6.055000000 0.946493969273984 0.475074616016389 0.366630194413769 -0.0192487598486472 0.131235193987952 9.74829324621026
6.060000000 -0.669217709297881 0.720269781407094 0.0638728221244518 -0.208319964450002 -0.557751642334159 9.7807654756044
6.065000000 -0.309206127798746 -0.33171964685047 0.34510438113711 0.800326525140706 -0.456139580093389 9.8907989694203
6.070000000 0.654794913555865 0.908278252886738 -0.907838307278156 -0.544514621395857 -0.0821428080471898 10.1256704102163
6.075000000 0.1217236924552 -0.493681776101553 0.3400274027791 0.452505983157319 -0.773411994694458 9.77481594000664
6.080000000 0.337421589222467 0.784117448043133 0.564914346469992 -0.971784539507602 -0.547602198807337 9.80960829625391
6.085000000 0.0503708948615802 0.790463357134938 -0.455829200081448 -0.465019810695676 0.374958317435793 9.88262561125651
6.090000000 -0.345548907921439 0.361115634143872 0.505775672153465 -0.414988913300908 0.645603020510451 9.76855094974193
6.095000000 0.0315007981990933 -0.0131663228446461 -0.780167304808352 0.258088803504635 0.390733902058906 9.79952639687378
6.100000000 -0.751863838989224 0.491839512014687 -0.243629049157551 -0.299466037796562 -0.598141761309533 9.85689620576583
6.105000000 -0.624623707320832 -0.759037016778736 0.987209323787694 0.750334611046284 -0.560071303304318 9.90553564385108
6.110000000 0.791583399191305 -0.276769707573936 0.679390875473335 0.437186418770434 0.24841286672671 9.76749108149476
6.115000000 0.538002467499116 0.703764729063848 -0.111635460104624 0.464927633043811 -0.568079781517424 10.0599394975094
6.120000000 0.837034664040913 0.358625383748964 0.773204105800579 0.533826846412302 -0.189145483630311 9.78621731029459
6.125000000 0.898915009526031 -0.785281474602074 0.228531604273492 0.116369629798629 0.309098315103491 9.80885392332464
6.130000000 -0.542698578696092 0.0880127880200803 -0.685313660504908 -0.338185447891329 0.367926452014561 9.59836186877791
6.135000000 -0.66851810536744 0.974524918000458 -0.629143448373835 -0.236597886884863 0.111025618906611 9.80761151602298
6.140000000 -0.313750920497696 0.72489738824074 -0.518112872502819 0.497103595871992 0.873477786720487 9.88652782037168
6.145000000 -0.111237575817498 0.780493797632164 -0.456185958094982 -0.271637654524128 -0.231017012722333 9.81906553171472
6.150000000 0.66293001624892 0.184301585510513 0.711386493272794 -0.250909605645998 -0.909769495907132 9.68398054483889
6.155000000 -0.193729499910832 0.834640930329748 0.788710752403694 -0.242036218401993 -0.217298788585374 9.87713922988594
6.160000000 0.972063426846668 -0.64366104530341 0.521265296973877 -0.732769138986603 -0.871268250919538 9.81214075334176
6.165000000 0.773154577134715 -0.66525605771004 0.745856519670159 -0.45786243651894 0.335859406430209 9.80973512901934
6.170000000 -0.253466762254698 0.33719338259529 0.747879817033131 -0.16323625816183 0.380061769569321 9.73889686549107
6.175000000 -0.693863942145307 0.0865615490295746 -0.0557039496748261 0.0888372692693198 0.56152138000425 9.86345999726076
6.180000000 0.783496174860511 0.874690905155004 0.800815667864315 0.912227924872296 0.867351684657555 9.94180052633918
6.185000000 0.926489511470538 -0.324421384057226 -0.817356176589316 0.262348916969425 -0.762189731822438 9.80766992862678
6.190000000 0.145644095328471 -0.990981845180961 0.821107248692358 -0.47429413603353 -0.519486716724693 9.68939169793622
6.195000000 -0.794480405652188 0.65633418301881 0.87548661039932 0.767040975283385 0.0834914022514091 9.72464624156169
6.200000000 -0.896396877195871 0.101441448135973 -0.220784498947107 0.970954807461684 -0.306812983614771 9.74946827410949
6.205000000 -0.615483785800395 0.794104890801993 0.882025443893869 -0.377673517622833 0.602555603535173 9.76029505626429
6.210000000 -0.847818062569861 0.427777237923712 0.273905561898791 -0.367304779294555 -0.45326471675805 9.72371643272869
6.215000000 0.642277877611237 0.294831172234766 -0.480704148058176 -0.274230721068676 0.523743390815213 9.86578133066825
6.220000000 -0.0786369187192232 -0.628027643835185 0.598301321081026 0.614550097666006 -0.919090045578354 9.78006340818035
6.225000000 0.00386727834300471 -0.883747933378326 0.0877526509984177 -0.393577119053145 -0.740584150767226 9.70504549059799
6.230000000 -0.877800122777838 -0.371471859222032 0.0442930082996809 -0.331064839535889 -0.385528164629605 9.74094970378825
6.235000000 0.758468742369892 0.94048589092702 -0.0174810090183658 0.282212132253783 0.760407523140501 9.60766576284392
6.240000000 -0.0527517968103065 -0.492140034908494 -0.703679299775362 0.0281581576113394 0.717622353563841 9.73593602860479
6.245000000 -0.353200608563237 -0.418663022768992 0.327912511922378 -0.093784759330463 0.27575961746078 9.93837201556106
6.250000000 0.311063232510846 -0.637893963436547 -0.93310534578427 0.925535067881241 -0.17425639330142 9.78337587169053
6.255000000 0.4285705822653 0.164803769981863 0.866424480390933 0.188978105405801 0.740079617006741 9.79115165204172
6.260000000 0.283843090424241 -0.832930590879605 0.715485977807774 0.00146544305675911 -0.302383266995839 9.85054154492154
6.265000000 0.790407281271372 0.0508675850233378 -0.74936863488954 0.0661668978008287 0.733402676756216 9.82302716091462
6.270000000 0.930550429937686 -0.468978954231822 -0.0299990247143428 -0.243705964295057 -0.980894262893542 9.93075468893843
6.275000000 -0.682910476663574 0.206930863301703 -0.363345575222441 -0.942830859656833 0.982913988634438 9.95414112065959
6.280000000 -0.325527458137613 -0.540017062583946 -0.731777479747207 0.372089275797871 0.669053241456418 9.94363232450742
6.285000000 0.0420451783770905 -0.0328632355820682 -0.474372581334027 -0.224552145798016 -0.464418842207835 9.79387496851423
6.290000000 0.520774855986598 -0.210085263107943 0.222425623434794 0.539880594024379 0.942200491177943 9.70047002353295
6.295000000 0.76986287057859 0.624211338173696 -0.683540845142464 0.752776858281706 -0.868385530015633 9.55553037506725
6.300000000 0.520939052813192 0.287756455730533 -0.821823712355375 0.18999229426961 0.278934049084286 9.71783322048813
6.305000000 0.861818452301351 0.175080234732051 0.0964270816633603 -0.602600390837807 -0.835165955980851 9.92736714367523
6.310000000 0.70625558109314 -0.914043181535808 0.225489494030126 0.64845607133976 -0.351111174258921 9.92511723602647
6.315000000 -0.225040773500242 -0.193899592009326 -0.521181056984319 -0.0468644858556169 0.996092702260284 9.78756874950824
6.320000000 -0.921267782301301 0.70963565339783 0.820625751195767 0.175159299362059 -0.8929647383713 9.80799932749352
6.325000000 0.671068696151985 0.797755723724959 0.0565232769849353 -0.103441810749211 0.446211794133397 10.0003607125247
6.330000000 -0.875836202816961 -0.0531376605169558 0.578163119767868 -0.704307650078231 -0.0842654467952743 9.87709626991366
6.335000000 0.669424882936024 0.96557378115392 -0.356170706151133 0.665517584264985 0.723326772322565 9.68872558080179
6.340000000 -0.882851353791939 0.0687184320151426 0.278883867561297 0.788217342360046 -0.133525845191221 9.71388842007329
6.345000000 -0.959180754590398 0.794380126425242 0.666643827998379 -0.835016957407359 -0.258757535023036 9.8723197466565
6.350000000 -0.891868578219725 0.947430230652648 0.347670797886174 0.777556304716299 0.913004010875246 9.89278282140065
6.355000000 -0.516853413319613 0.75413698784734 0.438389771356429 -0.315571264976436 0.885825838840485 9.799132995477
6.360000000 0.484326491823572 -0.728369989305907 0.791191826477271 -0.649199354298971 -0.392962845690997 9.6873652683944
6.365000000 -0.72965251828062 -0.669869578289739 -0.187160557688754 0.0115899466963438 0.574937369476509 9.90443700364595
6.370000000 0.22094506454698 -0.983762238167116 0.46062509504176 0.133949074490904 -0.992262146432075 9.67087357350036
6.375000000 -0.342164029992262 -0.791330372817503 0.175313176203199 -0.456338192083099 -0.375722313009073 9.75242060616103
6.380000000 -0.540595175484472 0.0467264852704139 -0.186204524331821 0.122891419158732 0.694582885920342 9.7167070321921
6.385000000 -0.904267095916098 0.0279592103455026 0.780937163057242 -0.235700131038064 -0.288971998397713 9.73403254070751
6.390000000 -0.864168698836197 -0.211724514705932 0.0753520788044446 -0.0938888430101279 0.279159926473703 9.66039087816365
6.395000000 -0.723150144202239 0.739058472094619 -0.377467578918425 -0.176513851236791 0.847662650909118 9.69634575641011
6.400000000 -0.891051762686601 0.975109743874105 0.429958894583377 0.803531123233741 0.0592527003303416 9.83588220654628
6.405000000 0.910939945797874 -0.908109388271398 0.91928547337618 -0.378032053531162 0.093772839332825 9.97125591463455
6.410000000 0.488098589465068 0.868973121917328 -0.864284703444822 -0.232741484992551 0.602161169798189 9.87074344883821
6.415000000 -0.0104454471778336 0.844264037834603 -0.297502825640842 -0.162782797200039 -0.0935142101224112 9.83955482632046
6.420000000 0.838921185507868 -0.425756429054661 -0.181034850506594 -0.101826115093113 0.45722430639771 9.8199089504967
6.425000000 0.990132198664421 -0.684417949842484 -0.327731934063012 -0.216246759154017 0.545186190654145 9.90236024894229
6.430000000 -0.0723748305218177 -0.745112469301146 -0.0686024320631299 -0.850643214700112 -0.866101443705196 9.72158635102639
6.435000000 -0.299792827712275 0.902454000852282 0.915540640203068 -0.46087164313573 -0.523302429133701 9.81773782361744
6.440000000 0.302086129459593 0.0862335986859322 0.462906693789599 0.292218327192691 0.401815648843448 9.80681448642165
6.445000000 -0.704458585802679 -0.271302070129338 -0.372096674224407 0.223166583675503 -0.016414538499161 9.86832301117598
6.450000000 0.4802530144715 0.366144193041205 0.953879748449605 -0.761577663832147 -0.733749194878037 9.64565950006828
6.455000000 -0.0837027668411391 -0.369482482489889 -0.448504214849558 -0.219278379911221 -0.879020751397601 10.0013645839622
6.460000000 0.719060701187263 0.221771808910077 -0.78422729381557 -0.985397885546739 0.950469739712062 9.74676825614315
6.465000000 -0.597023075258836 -0.389707931964522 -0.948460782854101 0.883229939212664 0.976436261076683 9.72720471505746
6.470000000 -0.575521490338967 0.852721161140465 -0.119897480644238 0.340775742819894 -0.516761322280747 9.79416779566395
6.475000000 0.285180218184916 0.988452581683384 -0.811896132217672 -0.56901954094368 0.257223449301544 9.8644822436271
6.480000000 0.921766684354174 0.603222006747137 -0.683327813485324 0.159535382482938 -0.462722793902607 9.77523865859608
6.485000000 -0.397120949531496 0.746263710663777 -0.405764612092527 -0.275468674150979 0.988950775931101 9.66399186353549
6.490000000 0.106462432586803 0.867162457605434 0.754205027480705 0.589701111237379 0.298760761180316 9.78136012200255
6.495000000 0.86415497114144 -0.61797709465864 0.0149214384215519 0.121378419511662 -0.710812525689049 9.7484641575876
6.500000000 -0.729104287796237 -0.0889532394190101 0.370489541148064 -0.191827081698844 0.630695872768152 9.74186912736679
6.505000000 -0.113419298601066 0.991224730383244 -0.0418937518456456 -0.124468523601288 0.244966002760905 9.70309261411848
6.510000000 0.812328642146815 0.0431657885402281 0.941129545653765 0.11108940332713 -0.0811318220017161 9.77642767141847
6.515000000 -0.482928512377165 -0.290048179817408 0.904401568651386 -0.193741038066214 0.377625525639218 9.94151483396426
6.520000000 0.40982290329869 -0.612297340115671 -0.543305843855862 0.0405187751355203 0.528019651550809 9.69035175000698
6.525000000 0.844908228071829 -0.767800055336114 0.290131828417132 0.0898742299014117 -0.82263386986341 9.86869847036432
6.530000000 0.100784174679212 -0.458873443984833 0.517480792253036 -0.204185443559748 0.324149705154891 9.87319553321346
6.535000000 -0.159188759121666 -0.116608097737938 0.727327416523978 0.858024361477245 -0.468086860826279 9.80839632558887
6.540000000 -0.822330905973134 0.77374667198106 -0.157709206993556 0.45176279146772 -0.811652976931842 9.85872971968752
6.545000000 0.777073250979685 0.861328867199518 -0.942428559038056 0.218375915297482 0.8510236385516 9.78711974327453
6.550000000 -0.779043624074684 -0.881711083409242 0.747622369671065 0.545106081080207 -0.847158803533371 9.80316704126255
6.555000000 -0.863219352375352 -0.499015230452183 -0.148323202109115 -0.331306213201632 0.638135089370485 9.65262381166649
6.560000000 0.267566973933749 0.0594975143016769 0.186790896200943 -0.0484702899346455 -0.462023634213034 9.64681914062435
6.565000000 -0.817759938453212 -0.33611778511485 -0.724622373340941 -0.216951813184168 0.615690028115963 10.0007687592805
6.570000000 -0.958559917266741 0.0541783008045416 -0.38329885778171 -0.184902562380257 -0.952169262781818 9.74634080285333
6.575000000 0.422175577572629 -0.0457827043932783 0.996911355292849 0.079476659688855 -0.22997852192725 9.79969575850344
6.580000000 -0.010881837928147 -0.534464276178956 0.729723578193096 0.801976739336726 0.0610835315012761 9.88229802618598
6.585000000 -0.304988173444284 -0.918451019524807 0.832795160744709 0.596348930893628 0.444861377330898 9.68253909260161
6.590000000 -0.184955690607874 -0.994585112666052 0.597865504025419 -0.762780113966568 -0.0403678170593306 9.89777299153939
6.595000000 -0.537161296949331 -0.104234919466188 0.767242113951241 -0.609601938915254 0.66162451154628 9.98552580154656
6.600000000 -0.441662986502826 0.917017317338389 0.303311727616616 0.0241959667877276 0.253478474567401 9.98842750761297
6.605000000 0.594672484134637 -0.449393675406181 -0.0394911230725661 -0.754800286029838 -0.387831155856993 9.99192065103104
6.610000000 0.655256445359092 -0.45857681401939 0.664433040499889 -0.385111372631561 -0.863799955632444 9.75642815486237
6.615000000 0.876894665824666 -0.888215598598223 -0.0105631914970293 0.538519176439624 -0.131855322575129 9.99074927532282
6.620000000 0.76238791074715 -0.766821008067029 -0.549322342290227 0.0158663843832287 -0.76849745482602 9.81465804826575
6.625000000 -0.928625256721222 -0.280802227221803 -0.287509547214727 0.0149324261652923 -0.853589073686669 9.83136154399229
6.630000000 -0.0173644754185176 0.69255565744478 -0.208026448827249 0.327177813894664 -0.708405596068318 9.89704702065866
6.635000000 -0.792612607494282 -0.692893108210011 0.126401806774736 0.137254657753396 0.733588583643357 9.74962442487453
6.640000000 0.904656101905115 0.601936194860347 0.7406888453945 -0.993203881193513 0.428111224168963 9.97390489756131
6.645000000 -0.433084453192113 0.781935467283212 -0.485581606386966 -0.286673526878782 -0.850317636435068 9.85500466624882
6.650000000 0.763329663203717 0.316143991107188 -0.540504297958922 -0.945075933795923 0.985012208104605 9.74243260768784
6.655000000 -0.794435190872492 -0.537642914586534 0.329654257432397 0.939153392770865 0.351146802004029 9.82688856928905
6.660000000 -0.697975898952212 0.864108477655849 0.262599022715631 0.730135325216751 0.711826251685538 9.70942976393962
6.665000000 -0.886020496434542 0.74403968720885 -0.00793172838535705 -0.73633813286961 0.814813692967786 9.90839809986891
6.670000000 -0.167617298275054 0.855475458249205 0.63306742237558 -0.182605091101772 0.753933375586725 9.85063912186753
6.675000000 0.431379786427775 -0.660551233990375 0.898651576553775 -0.217473411568195 0.0395366721970665 9.82655476316348
6.680000000 0.0716960984616057 0.598005937225188 0.632972550407505 -0.698682609805224 0.876747735718613 9.80475814136276
6.685000000 -0.989386079827969 0.860170770371412 -0.614945282980309 0.406593677311481 0.438314125611593 9.87000570577249
6.690000000 -0.965167673288457 0.0160025092847658 -0.95959575192984 0.0446268362200943 -0.0244993069323243 9.75072663145125
6.695000000 -0.745689378001583 -0.576387726504536 -0.103776523426071 -0.707359886591956 0.765173047671641 9.77308170921871
6.700000000 -0.619590901592556 0.226541176078162 0.1381865353967 -0.742843166805265 -0.0265067708801975 9.77403674864118
6.705000000 0.0437143822404158 0.511027557547683 -0.609299173396686 -0.517971493079314 -0.271535024639002 9.75396125407166
6.710000000 -0.331227529482556 0.593814302046697 0.807924139223958 0.64427316358512 0.0655983365446322 9.89191759930389
6.715000000 0.615612014017819 0.414648908849176 0.612549071951094 0.380785060758137 -0.802947929968568 9.77742403478637
6.720000000 -0.567341126300088 0.355840741356761 -0.165381998366388 0.406152103751037 -0.460615646774236 9.8669908936126
6.725000000 0.471618398777963 -0.219039920353815 -0.934872758544457 -0.799916626792362 -0.566269960052459 10.0904844753882
6.730000000 0.212351597478777 -0.228695185495864 -0.253224325949896 -0.722050066907914 0.96330455502649 9.86962460525772
6.735000000 -0.320149985756795 0.21040796358623 -0.0402983711288769 -0.12309791479404 -0.58347433879202 9.75592550682908
6.740000000 -0.466803424743378 -0.711018744721552 -0.744663362272393 0.0725809284823857 -0.750427903491272 9.89545575196082
6.745000000 0.426555970416663 -0.279193095527214 0.921273868494329 0.860286011295526 -0.660655801026456 9.96359761344246
6.750000000 0.655959359209966 0.709564194879292 0.829645729544408 0.619263914236456 -0.0252346997266797 9.92797765789818
6.755000000 -0.362087416165549 -0.842117889710757 -0.468482600277514 0.0544382450424312 0.335237945120427 9.63976821373845
6.760000000 -0.195444691551591 0.596695110945355 -0.754375501421455 -0.768888721134927 -0.682497985513181 9.79792961412547
6.765000000 0.0515529117787037 0.0541858100584642 -0.791457990087316 -0.292487729942653 -0.236249995062244 9.81386242305767
6.770000000 0.465692360636635 0.524956665711923 0.393130619727602 -0.896395056460237 0.682838776932489 9.84081556109555
6.775000000 0.910528672817409 0.0616659676011959 -0.113488758501359 -0.814609420399465 0.220625385279127 9.79071873897073
6.780000000 -0.743708027407391 0.741723814858926 0.122347450406452 -0.652310738178115 -0.601429971680711 9.70386886447156
6.785000000 -0.118587367757497 -0.834374924113217 -0.354700221379614 0.208188815604983 0.904140382029182 9.95256676014687
6.790000000 -0.785402918134538 -0.584015742681928 0.221919020275548 0.372640270447657 0.434060978439665 9.75605480376931
6.795000000 0.317838271762169 0.65493162332798 -0.851901091566263 -0.97233714441412 0.680112317055516 9.86119533046531
6.800000000 0.314044522733448 -0.894540610674089 -0.715906449461312 0.71261455198406 -0.720640248488933 9.83752639241458
6.805000000 0.851593699237142 -0.0349736311635811 -0.631038801572769 0.755734080335001 0.0760185071621176 10.0272679143877
6.810000000 0.518090937062209 -0.725075900426635 -0.336744141456086 -0.0478480844981261 0.407371791734999 9.67171809569082
6.815000000 -0.247506281941899 0.420823042942594 -0.247127080916952 -0.567393965817706 -0.00685624918288374 9.77230847612317
6.820000000 0.841444249191063 -0.346896126562215 -0.980197175396698 -0.879196000229193 -0.660927504143178 9.73577283005408
6.825000000 0.304555783655753 0.650537581951608 0.946400274497643 -0.619425710113452 -0.247355738304255 9.79610332618045
6.830000000 0.274329454300147 -0.665554263473281 0.222887113328505 -0.318298754896176 0.432007832188163 9.75548512553835
6.835000000 0.916434290779957 -0.84021577231596 -0.382892415571442 -0.090421958402927 0.895769086617869 9.9084795279347
6.840000000 0.639221781696762 0.236569139750939 0.858017334648416 0.978294277553584 0.576098554570274 9.79811112256478
6.845000000 -0.209868700806922 -0.884639255648777 0.261228627181253 0.542775560888823 0.114766099078006 9.84095615047381
6.850000000 0.0707967975506545 -0.301127927052382 0.532009119881321 -0.522291893848354 -0.116626376806119 9.92237194745371
6.855000000 -0.641978549604294 -0.466738580477768 -0.513400884118584 0.574787765543343 -0.729525245600159 9.74381682650529
6.860000000 -0.895884825799561 -0.612544541998089 0.268085806289728 -0.726924355014658 0.268109795296616 9.74790430856471
6.865000000 0.600992665440306 0.503202489345894 0.461756926710604 0.414503423224438 0.892298041792725 9.79963530688117
6.870000000 0.427493241348999 0.982910414218395 0.440802944563703 -0.689133136388442 0.431353823948351 9.72787906623439
6.875000000 0.3641630398874 -0.117968547678538 -0.576231915306408 -0.824480056680962 0.0105235404383965 9.73941601131214
6.880000000 -0.199041096120626 0.831085197548887 -0.663173549651715 0.189395294147262 -0.639576380904567 9.87764111891885
6.885000000 0.352322539013029 -0.415104176576763 -0.449198286723903 0.803223833350103 0.547990662766616 9.80860190667395
6.890000000 -0.710838182694669 0.217488070585527 0.0670888847983857 -0.899490110529349 0.00686334399826038 9.75613342341687
6.895000000 -0.439322965889854 -0.177774838720343 -0.453453672795302 0.571200574548543 0.350108420173688 9.71992526297183
6.900000000 0.340462618200324 0.301030545169968 -0.875544513517779 -0.966939599237842 0.123211090976005 9.89789728982372
6.905000000 0.280001857914031 -0.834053113979312 0.652307757945875 0.0661361045512072 0.154740493351007 9.75967215149823
6.910000000 0.262661702587577 -0.791939771637292 -0.96764743326588 -0.387229877238735 0.317581957819677 9.71463781838127
6.915000000 -0.931201141295583 -0.895699935916672 0.559219429064179 -0.806745654813361 -0.862639535154514 9.77012425926899
6.920000000 -0.64355667757036 -0.0499657723354017 -0.0787364240171091 -0.991248920555808 -0.983829667784194 9.79925811476249
6.925000000 -0.567363340206148 0.251795927645543 -0.3405396022557 0.695298363312752 0.459856156008251 9.77540896105732
6.930000000 -0.426024547510792 0.0719059319570223 0.0356269977221391 -0.357225688806374 0.176205996040351 9.99064325050208
6.935000000 0.277276945895179 -0.493938973869169 -0.93111684915196 0.633720268324819 0.456095254726752 9.8663668521087
6.940000000 0.0661507961648287 0.592692003395731 0.772060093363775 0.363984241785474 0.584892121881662 9.74276110398482
6.945000000 0.712827144988266 -0.926005799288864 -0.0864339904330829 -0.979104370800361 -0.148567685460936 9.87727919834296
6.950000000 -0.869684226750249 -0.730992443734311 -0.518094261883802 -0.0336555694386622 0.582574018082849 9.88546992760817
6.955000000 0.392902951404873 -0.0714992895124011 -0.35839610423818 0.0353742991738832 -0.599233703501166 9.75299257826352
6.960000000 0.0717389327807998 -0.787041576480047 0.535168508782596 -0.365968420806326 -0.769512794804532 9.8527714133019
6.965000000 -0.776699245803384 0.769350633849087 0.964209979383373 0.0747330696670028 0.256892095905213 10.0033749191532
6.970000000 0.3260190958744 0.443698119113081 -0.646447700283699 -0.0914068860427508 0.202880802193135 9.71288608090747
6.975000000 -0.245541533103931 0.201654177718635 0.631158052771891 0.155224763394904 -0.0905911312860396 9.77092722972877
6.980000000 -0.384820619311566 -0.297330016874396 0.0125262145942664 0.470964004970605 -0.354015667621985 9.65954178662723
6.985000000 -0.689439961542115 -0.502793266206418 0.667205850438776 0.272352419454768 0.884414603879868 9.72478266105327
6.990000000 0.901818059339103 0.918931340760985 -0.936075340926682 -0.538131658704081 -0.485284906572329 9.86755851357486
6.995000000 -0.445920810776726 -0.122719721460119 -0.835121297200732 0.169258569911708 0.579950261665485 9.7378388835213
7.000000000 -0.586768112884261 0.880537213702005 -0.163871096057757 -0.276208074426375 -0.622256053435735 9.73526855057248
7.005000000 -0.49987454689102 0.398377758170654 -0.368873776574095 -0.435949887817702 0.860246099466573 9.91629421039567
7.010000000 0.291714463053138 0.356041127515976 -0.903299995653005 0.696811963662883 -0.342299830793543 9.74235914885674
7.015000000 0.8200377644133 -0.845957497994396 0.999983790330581 -0.53973966163571 -0.620022904882218 9.84767600912914
7.020000000 0.137007602088623 -0.281458502300763 0.719440752509721 0.133151947117016 -0.0192999518566299 9.82650461178903
7.025000000 -0.385621791419397 -0.523526947723481 -0.955124386565352 -0.525375692884147 0.622314370061417 9.75778971371309
7.030000000 -0.389159204153884 0.441050148308766 -0.25412787741708 0.184933037117558 -0.736370980616832 9.72676432757171
7.035000000 0.0261702244291875 0.718952635172267 -0.323171513771253 0.36696777556416 -0.0649413657677087 9.79935624820872
7.040000000 -0.0530119645656142 0.0662093214067674 0.870499837151961 -0.207665135715001 -0.452965177340882 9.6686641198731
7.045000000 -0.0404976480829052 -0.108877713377065 -0.980780711388579 -0.0421047234172489 0.805151118806168 9.66448256204196
7.050000000 -0.756380584908827 0.798860328178322 0.600924951769842 -0.492751565525658 -0.635229785756781 9.96351227027286
7.055000000 -0.341146874866051 0.447689731348161 -0.242091785763433 0.59391175936624 0.261525819665531 9.65379240760837
7.060000000 -0.396210972869867 -0.730343364984888 0.0485720685909372 0.563291379047228 0.160778921638047 9.79783917949503
7.065000000 0.870360624916088 0.574174860294058 0.381921954165176 -0.886019960924061 0.37303518847238 9.8869630378193
7.070000000 0.922747395896701 0.392089718669695 0.128745840456684 -0.41839947896935 -0.160220550913466 9.68820479091473
7.075000000 -0.690180878010663 -0.360301649831376 -0.457165593028611 0.310667840442931 0.0963599817344734 9.68056560580533
7.080000000 0.212723406596446 0.231101467847406 0.707033437540305 0.0830840305812117 -0.194723672789858 9.73018247546879
7.085000000 -0.928197704222145 0.818292543207431 0.916116917466799 0.994549692605878 0.210382260945804 9.5854591751927
7.090000000 -0.848533023078243 0.661588353878627 0.175585917744593 -0.538713901088905 -0.698713296884072 9.84440992520675
7.095000000 -0.13495624211382 0.352278415743391 0.542578734244489 0.574958570103608 -0.906618188091842 9.8956355284239
7.100000000 0.838386170490825 0.611336365161155 -0.110629358846056 0.0354502392166529 0.789647879912354 9.92206526896071
7.105000000 -0.0442773713936458 -0.935874957561435 -0.249372445628686 0.531872841311559 -0.88571324846042 9.92937333944579
7.110000000 -0.272960171696246 0.645019422119958 0.177541575011584 -0.50100623234222 0.042666106039037 9.7895450658995
7.115000000 0.617543902070049 0.944653996240652 0.340546979261817 -0.57639606091026 0.745069245689115 9.8262573786015
7.120000000 0.530352979679756 -0.448664548550111 0.132251211969299 -0.719019466880252 -0.916791708169874 9.88379295929819
7.125000000 0.825864876539383 -0.760668478794707 -0.0481229596995389 0.00340645061964473 -0.261674711136927 9.62308741299359
7.130000000 -0.420212014308298 -0.336464315343864 -0.465748532426426 0.920334964953519 0.0871396237458752 10.0210203122931
7.135000000 -0.0862394017568973 0.313651500881487 -0.0533318906339499 -0.490626579844685 -0.618222330519102 9.9711819207349
7.140000000 -0.241998377834446 0.143917164366654 -0.239433155040924 -0.278873478657973 0.510660789679112 9.80301451613036
7.145000000 -0.660067884093182 0.25051534792898 -0.0255956747688333 0.385923899424227 0.840112820193224 9.85647490181323
7.150000000 -0.346315000833159 -0.426204611280097 -0.74132086697096 0.567445597409944 0.88744688960139 9.83378352556117
7.155000000 0.783253440532486 -0.55963004639355 -0.718554947394205 -0.456179715439761 0.161496474948477 9.97596300685948
7.160000000 0.128631507572081 0.328868880555438 -0.830658206637324 0.468563624410221 -0.420615772446904 9.67099783897227
7.165000000 -0.302061570483289 -0.0960528939478346 -0.206138666349528 -0.827534295538223 -0.959453687984242 9.70803961876476
7.170000000 0.0149919292959346 -0.36629201721693 0.504572687439887 0.0918109468611941 -0.0970674581346416 9.7776634265021
7.175000000 0.627310972487233 -0.489216112293869 0.230006266958083 -0.211192553495612 -0.697110270940284 9.76122311116866
7.180000000 -0.0999151389579824 0.954938197487471 0.291375973863237 0.754572383945143 -0.625564756628855 9.89688661926485
7.185000000 -0.838219892158275 -0.300934198918256 -0.384157090161069 -0.0919587980452733 -0.00170875387345848 9.73501436523236
7.190000000 -0.27735421400394 -0.555318274328168 0.689804951515889 -0.0480153789036047 0.130867707138354 9.73115430897676
7.195000000 -0.894076630423812 0.765658237862242 -0.592440938387272 -0.915788569448417 0.197179474494038 9.84660554204749
7.200000000 0.851836718549876 -0.887513529456925 0.512531663064161 -0.489643793315461 0.280783048496015 9.86595962156258
7.205000000 -0.41764702807071 -0.792286747038498 0.527460798401134 -0.875897844264236 -0.289422813472069 9.72061616542404
7.210000000 0.202091204562267 0.699651589477273 0.71749806111562 -0.33514028756653 -0.939474438288936 9.74182108311758
7.215000000 0.90763286124339 0.62769742478975 -0.748802345129103 -0.860525854798279 0.724961759394483 9.85724811628704
7.220000000 -0.8982646474141 0.175223067018773 -0.912845316302425 0.382518402013238 -0.150465162075341 9.94698049920853
7.225000000 0.504289945356683 -0.193394842182004 0.555989966521035 -0.785132869046709 0.0567117412838674 9.73464874450424
7.230000000 0.824425436474581 -0.667252670818592 -0.076337342651718 0.884950999116968 -0.843831241058107 9.61775579460954
7.235000000 -0.796724235544318 -0.293160210034419 -0.406517840645517 0.865967170272939 -0.716361733021383 9.67447304633097
7.240000000 -0.922264086977702 0.890725074285048 0.667369643071373 0.356880273370482 0.322612884138996 9.79822365007908
7.245000000 0.386526719381347 0.220197171541023 0.00337669672601693 -0.998224012552865 0.479000116455834 9.76533462137805
7.250000000 -0.287246868613757 -0.509307924429564 0.756843380516788 0.0657887538270041 -0.445506305175604 9.77040756729823
7.255000000 0.445561200122145 -0.736495810438178 -0.376263370446983 0.729199467100762 -0.0412782984977953 9.81261722661273
7.260000000 0.555651940198453 0.767362060848326 -0.606662112105015 -0.121735176593873 -0.0609783516549405 9.78318297200284
7.265000000 -0.672675644826459 0.25602060708032 0.588046502130128 -0.338152327266593 0.658683379953114 9.97949445555891
7.270000000 0.366588386412053 0.707033444059563 -0.845751830304857 0.0366104166193915 -0.535197096660359 9.87100081054127
7.275000000 0.329008836918049 -0.741163692316582 -0.24653360212526 0.429001254695003 0.295293923139243 9.92114837158837
7.280000000 0.187383160547997 -0.864615037042934 -0.754544870813631 -0.0557491672484899 -0.539066669316528 9.77810147591345
7.285000000 0.278496226891175 0.292541703811168 0.450105358590421 -0.0628203940870335 0.593341337327539 9.80186821494369
7.290000000 -0.690321449977495 -0.493045464853312 0.996540140358983 -0.225518546637855 -0.893236095967347 9.826564365824
7.295000000 0.555491053292291 -0.38351261680178 -0.135226005285618 -0.149215024499788 -0.0743942787285867 9.80588497305158
7.300000000 -0.803477727716545 -0.215128084279191 0.0572397145709207 -0.342544397033073 -0.192652464468336 9.80511417494327
7.305000000 0.0230233683358056 0.647617956459344 0.498463754308626 0.375729733787351 -0.392452320732387 9.79510078690361
7.310000000 -0.417376243238047 0.989448172966693 0.900742564304146 -0.554355257914567 0.425220913917395 9.69405259914216
7.315000000 -0.692981407834674 0.987737846555066 -0.648867782973157 -0.153564621300234 -0.899273272556846 9.84181985213808
7.320000000 0.205110092277224 -0.561345170047761 0.919701358266036 -0.349176618898835 -0.475501407624921 9.88169314703803
7.325000000 0.621595933857186 0.0451057818928295 -0.0767483064330874 -0.770856387806524 -0.146751914707363 9.97306820943746
7.330000000 -0.204615866395 -0.266026005738427 0.881516584140023 -0.779394953408928 -0.809792389073313 9.7246899275418
7.335000000 -0.0686134449525799 -0.138267827750308 0.343661582723102 0.0321132824905743 0.409386662491312 9.78165884316692
7.340000000 0.41362370802724 -0.89021891909196 0.265320134938378 0.938122300402318 -0.916240942625441 9.87486463653019
7.345000000 0.857067944415411 -0.59110404718253 0.934498603425221 -0.289683971223274 0.214831914387099 9.57933751545855
7.350000000 -0.810862157405756 0.902739717579791 0.603153222055711 0.532799426248669 -0.0651470008609569 9.85050085815026
7.355000000 0.627036638384236 0.921392010488264 0.23471380362041 -0.107643227608708 0.85951430995926 9.85337686838202
7.360000000 0.0238278522267137 0.561386879329284 0.754054522027287 -0.0416735452793882 -0.72829709189399 9.77644726481669
7.365000000 -0.0208975165248372 0.227760516678803 -0.554404767953979 0.209923578058334 -0.0803278447502888 9.81473353906651
7.370000000 0.319688111226861 0.554497848988742 -0.358390575907375 -0.745458890565419 -0.432962267395557 9.74846787738817
7.375000000 0.0707697370419138 -0.385812365163962 0.0864311424486484 -0.0697159539301488 0.932660495831007 9.80321384850087
7.380000000 -0.647863043308194 -0.970502863624367 0.914814802778333 -0.376160135202184 -0.00161642720998101 9.83954387686752
7.385000000 -0.131368193370927 0.48732587484984 0.187409633392193 0.788303961878784 -0.0957257315030907 9.71189540376777
7.390000000 -0.306747891617356 0.538723383815365 -0.521496511772972 0.260289840987087 -0.311898889630986 9.87011629278034
7.395000000 -0.527835045721305 -0.459204646506908 -0.310845107450544 -0.595174549890298 0.331545430855614 9.89966082236879
7.400000000 -0.00590535486391996 0.276128599083111 -0.692477748586087 0.992478217926099 -0.0830001109666192 9.97896407951645
7.405000000 0.573935657541238 0.740853038495804 -0.703871834885269 -0.528950383667345 0.964815417288251 9.77559494866188
7.410000000 -0.698703775042064 0.704034325528906 -0.543255043003361 -0.226538819832047 -0.755170321909324 9.94582075285416
7.415000000 -0.88950264262478 -0.460399573417567 0.260057496493709 0.1045920025113 0.815729026596867 9.59919277293704
7.420000000 -0.0831673569433239 0.0670344918347126 -0.481639389638621 0.753411412124248 -0.775591603375781 9.72494212010854
7.425000000 -0.436654116696051 0.45907986697698 0.509916835236324 -0.426881116548032 0.902398772492259 9.73125301280023
7.430000000 0.463621275249692 0.72773795096564 -0.0228438233131747 0.708450953340368 -0.126362199488265 9.79754284422615
7.435000000 -0.304956766453086 -0.455116441219634 -0.911272840533067 -0.489227740787541 -0.887536693312012 9.83832195749442
7.440000000 -0.7471681301236 0.761861784272763 -0.21729263906241 -0.522759733499382 0.854158051244057 9.66297378567697
7.445000000 0.736051677603299 -0.49230633745543 -0.00937718200002668 0.638450449164235 -0.732719387734644 9.75754858328684
7.450000000 -0.0252555715969092 -0.275821097789249 0.847126720401983 0.669787661950005 0.269062460991117 9.83683236161894
7.455000000 0.121651257910603 0.424061095073848 -0.589178283507553 0.374483127787003 0.185922878415288 9.81375332254879
7.460000000 0.470500888056355 -0.150499778404133 0.45758486420735 0.206552564728331 0.357193885071759 9.93889765241971
7.465000000 -0.290176506755024 -0.312851541355649 0.355376383920841 -0.30082274382041 0.506450081014284 9.739793561375
7.470000000 0.518908125124363 0.409295539096601 -0.849017829563943 -0.212029414815842 0.345149418034195 9.7976081267499
7.475000000 0.755603185741046 -0.419681931575612 0.841283803731801 -0.058473935843666 0.773847146785747 9.9034703039349
7.480000000 -0.54909940136089 0.899701303755725 0.887399538367707 0.295903611600354 0.524175800161518 9.80761152971622
7.485000000 0.296400287792273 0.489502150327667 0.674281406995971 -0.141430894444432 0.970696659745041 9.84899480034536
7.490000000 0.150350169814355 -0.495178316484754 0.61410573851974 0.131957162698711 0.749169717426025 9.75512651646282
7.495000000 -0.943685539971891 -0.541451443704521 0.49597392766549 0.58049026112095 0.0557715879081615 9.74658570694886
7.500000000 -0.0314718526934609 -0.865676150594687 0.210740981256003 -0.0607751938797418 0.327513381525647 10.0210018242253
7.505000000 0.0916196867318915 0.514124555287009 0.459329966203929 0.171434424431731 0.72294866094503 9.590189420321
7.510000000 -0.304873813551326 -0.293361296548211 -0.994744008404549 -0.555704096125301 -0.136748139344504 9.76568423988497
7.515000000 0.0349535676813468 -0.859659854257321 -0.499943418195445 -0.909274845341814 0.619366143652874 9.737966635455
7.520000000 0.0944228754818546 0.653638011614623 0.527119096148349 -0.57806374392382 0.132243635660151 9.82212905253186
7.525000000 0.395297746823773 0.825095946819101 0.380244223112354 -0.512169288244177 -0.30160522428416 9.63970922621948
7.530000000 -0.480333687495596 -0.942278724136892 0.280055778697159 0.164032532444239 -0.0227124025219644 9.93719770166551
7.535000000 -0.594265498963308 -0.0762611790915305 -0.56255679557219 -0.151368468604688 0.51163311093656 9.82293929597197
7.540000000 0.953802335985844 0.634513177738764 0.626774936740647 0.684412089029519 0.858376500130806 10.0113338955501
7.545000000 0.554018168502496 -0.745403970473168 0.741504958710403 -0.747587056712987 -0.67003356091214 9.54862699583738
7.550000000 -0.00630434928755474 -0.763880509773214 -0.98633471689482 0.970983248190481 -0.44887116432603 9.79289278602704
7.555000000 -0.758223217799432 0.885770631900882 0.805494868105973 0.753409894068451 0.417636710879224 9.9713081077159
7.560000000 0.94227758792335 -0.581062963968638 0.0558511340319416 0.800654087122834 -0.852140742285243 9.92813876583864
7.565000000 -0.815201029095427 -0.204166708143506 0.954290369504267 -0.485234590007567 0.731807665774509 9.70339671148473
7.570000000 0.14647357126068 0.3780634456212 -0.303513436253887 0.69760240693465 -0.303898593086702 9.77379251123556
7.575000000 -0.969415378742579 -0.540039389180038 -0.308711917749006 0.448221332136645 -0.232274978995451 9.63395581307722
7.580000000 0.902387218504393 0.875511511171009 -0.489343305811912 -0.949753524712172 0.805714451617428 9.8426568275736
7.585000000 -0.494721168416888 -0.907374015966139 -0.383231649819404 0.869676994099131 -0.181870699479184 9.94486726613988
7.590000000 0.460844328375926 0.943841845702306 0.65942985455479 -0.884689928910085 -0.118279966115151 9.90340064300588
7.595000000 0.138235807017533 0.342995702914426 0.0564582986088742 0.9578961841566 -0.94700169002032 9.78706865369405
7.600000000 0.00909199146977246 0.639122145082393 -0.871359967566729 -0.238784107956469 0.629635567604394 9.84655442997901
7.605000000 -0.995408608576007 0.400213636178623 -0.152359567187894 0.252331830213001 -0.0851705004857716 9.65189062155749
7.610000000 -0.576205168653375 -0.922106291131166 -0.735726171981416 -0.000934485812175367 0.650901825936 9.76342284252781
7.615000000 0.360405818261395 -0.604940472918069 0.666205639795496 0.19381351172636 -0.041285467818978 9.92970597457634
7.620000000 0.436513522377477 -0.537428776518176 0.576812916238239 0.90414368356771 -0.402514378261992 9.61813344376395
7.625000000 0.55911088807467 0.836182628681968 0.854408844306324 -0.526059613342425 -0.855332611992644 9.62845965221568
7.630000000 0.128476228159143 0.312473568745178 0.567527734473128 -0.22062194683618 -0.285016796218705 9.83504124623024
7.635000000 0.26920253376905 0.263363008975686 0.828241445975491 -0.89786181035352 -0.649282427341343 9.9769108114145
7.640000000 -0.91357226013838 -0.842559155003428 0.764272048959635 0.64553862793629 0.99362347367854 9.9000782862012
7.645000000 -0.293246918960124 0.797739639784088 -0.519847676865686 -0.725719185418319 -0.422882307983414 9.67922982431024
7.650000000 0.216799683504179 -0.460272919135295 0.75188125192741 0.045041128548347 -0.358134729488816 9.84283624863269
7.655000000 -0.969870687448359 0.478694745096702 -0.631230281494199 -0.883442947586739 0.636135590093273 9.82362450734218
7.660000000 0.751722659800073 0.881574694012094 0.768049924526387 -0.579013929506305 0.0492534484012301 9.8369952884924
7.665000000 -0.250916179852055 -0.204156598636953 -0.275458702480168 -0.0670464146263182 -0.140300730774319 9.86843997860223
7.670000000 0.121540080346884 0.176658196922698 0.275951902976237 0.431336175385554 -0.616767119437813 9.59297108367103
7.675000000 0.422638267941139 -0.453833490355794 -0.1149556343979 0.184733947359367 -0.824074427515303 9.85687132312068
7.680000000 0.0577530958958683 -0.884437912089954 -0.581221499285298 0.276478806173652 0.644967859445591 9.80515143221453
7.685000000 -0.635424998419092 0.522287733630411 0.00852042856091662 -0.100632072007578 -0.304359188910741 9.74074526754279
7.690000000 0.277673928662051 -0.528572396155713 0.211261603613972 -0.299687804328132 0.0175941144198153 9.82342604601663
7.695000000 -0.266927005381755 -0.0486452165286267 0.137495182984273 0.790826090514113 0.0669168713814192 9.59507594084693
7.700000000 -0.275863995438378 0.139627103293141 0.081393886861109 -0.175048090133373 -0.928351420875802 9.82578228108262
7.705000000 -0.654663184496883 0.0428804545862975 0.210229516592915 -0.578637059581763 0.014473167720471 9.69645201346413
7.710000000 0.243053804730556 -0.908116451421807 -0.00754070794560979 -0.739352081780952 -0.811810482205735 9.7799343385407
7.715000000 0.828860218556998 -0.408337212823488 -0.287911398004699 -0.104222910992905 -0.852063529124513 9.78156027115599
7.720000000 -0.0809793989551157 -0.310944293304786 0.697024385303736 -0.0093308198309181 -0.864975405794091 10.0212806008617
7.725000000 -0.0982756489414143 -0.898382350755102 -0.947306095597942 0.782346296022807 -0.60623525437258 9.82719527764251
7.730000000 0.556395628282985 -0.937580638536057 -0.736270527232564 0.0105632324752227 -0.0163181261235467 9.85360874980257
7.735000000 -0.0116332205997934 0.750162491458544 0.47516397455482 -0.403971400765689 -0.37776503403567 9.70832399509384
7.740000000 0.384853754837464 0.420108900135434 -0.636476621793805 0.455691941760337 0.900470310775782 9.68336956141231
7.745000000 0.552285510838165 -0.210546450321817 -0.415459043074147 0.946050256465585 -0.914798741189204 9.91124468783018
7.750000000 -0.478809837009204 0.596003766914831 -0.347839881362319 0.50487203686725 0.688593457307943 9.64294355631952
7.755000000 -0.995451371183363 -0.324193513637499 0.272988835942461 -0.373216405219034 0.0699910610308829 9.65560151690396
7.760000000 0.978182041076097 0.309566324255227 0.910536757628683 0.878652351851879 -0.239765815082828 9.71450116924248
7.765000000 0.436749952582992 0.265387968749454 -0.741430049641724 0.521951211393788 0.724158770276307 9.71061146102431
7.770000000 0.186848011420503 0.815708216193928 0.750220969203031 -0.124558531271554 -0.929905645516657 9.77480083036071
7.775000000 -0.298573420987732 -0.303338970664581 0.383463681388397 0.647469525061301 0.151505844272443 10.0743121704778
7.780000000 0.240298072453727 0.717270033302377 0.709339003874613 0.921145085208651 -0.970210272804932 9.7028132832761
7.785000000 -0.331959834011253 -0.0893081776282323 0.879203923921661 0.831588263544994 0.156040754707549 9.7913227291964
7.790000000 0.941493403139288 0.717390833290942 0.857125205852615 0.493895107644561 0.792033817522243 9.76160637608162
7.795000000 -0.819543798370074 0.702749328549369 -0.859070080266832 0.331962046833691 0.0643950500825397 9.76712683353851
7.800000000 -0.18476419857925 -0.896656350184538 -0.774161794117727 -0.154974471384182 0.249432605341744 9.8644455674097
7.805000000 -0.676936918719177 0.0125891300908239 0.749061033944162 0.479103836919695 -0.921358935498334 9.7078839020363
7.810000000 0.514029575285516 -0.0942178382976995 0.726285938046074 0.833315222446488 0.39924255730549 9.8841862964231
7.815000000 0.238704186509691 -0.399540399852926 -0.361861754842969 0.632708833381864 -0.0948472782479819 9.82889890477913
7.820000000 -0.701600425737724 -0.01451491146093 -0.456637812525331 0.431784782294084 -0.0970421401304389 9.74102236729144
7.825000000 -0.654470895256135 -0.476985024044749 -0.951623595297161 -0.269105335357182 -0.456850556403795 9.76165374073062
7.830000000 -0.932093088483481 -0.300328632490863 0.890494240396886 0.467149469753331 -0.393586492814862 9.89203151170785
7.835000000 -0.972981610322828 0.645460191017697 0.47782652614537 -0.0678288876394876 0.0988342366641546 9.78019247781618
7.840000000 -0.170981406779485 0.102321957751327 0.472949496224965 0.2733925046741 0.754340850633728 9.73185656367372
7.845000000 -0.0351579939178926 0.522758696006033 -0.603264057824045 0.032748917598626 -0.777569937416152 9.75829002507508
7.850000000 0.713788973034261 0.507220333212623 -0.326038737467508 0.740807362711433 0.152680523298998 9.72755800177227
7.855000000 0.365666798020558 -0.263859485864574 0.648748571820906 0.565030895902324 0.342664741604898 9.71466700729519
7.860000000 0.751159668784197 -0.578306297575266 -0.365907161201307 0.547567149413548 -0.7755890422387 9.82303062852559
7.865000000 -0.293775200514949 -0.716139985116264 -0.777998118557966 -0.0713451379311015 -0.428909802543423 9.78536786174887
7.870000000 -0.974313468660374 0.38180112437429 -0.416752517883085 -0.301334993588429 0.633315884337442 9.8982414995965
7.875000000 0.513945175108474 -0.222529737848104 0.759831619337123 -0.81870197310052 0.593084499981759 9.74329269952143
7.880000000 0.0585584366035454 -0.172597311983163 0.41064344225947 -0.054317490688673 -0.983344349071078 9.71833225400551
7.885000000 0.0455231038134187 0.800632722582963 -0.0394421988350536 -0.196978464348697 -0.914488108788844 9.75387243075615
7.890000000 -0.428520475248117 0.817728711207271 -0.190136571037647 -0.795204591841998 0.766642990413421 9.88581842811296
7.895000000 0.0221392116612471 0.246691481790827 0.461886191490053 -0.384776289288316 -0.242317231019175 9.89440498166035
7.900000000 -0.107719391168896 -0.746955510111039 -0.238076286035625 -0.091063740239974 -0.630087268366519 9.98055271542125
7.905000000 0.7920989607424 -0.891848406704072 -0.781542628901798 0.877610851953556 0.297829994604844 9.68556979177494
7.910000000 -0.925895072485271 0.0373103008779279 0.0433416529760424 0.560964791831078 -0.682101534531499 9.90091395955839
7.915000000 -0.319295425582349 0.565339041671408 0.844662577772822 0.523105622978465 0.381580246324456 9.79409490196822
7.920000000 0.561498680879128 0.927069160121991 -0.0983751682091388 0.779956051977331 0.804680011144224 9.89364875559375
7.925000000 -0.931235655178891 -0.496438037369604 -0.407838010884746 -0.85713072673284 0.540872263508324 9.76464173282742
7.930000000 0.638555385935379 -0.618310919785086 -0.923170621471093 0.483217962776878 0.904794704124702 9.93224087272425
7.935000000 0.663952943712451 0.561138664167905 0.16846239341817 0.468632953925353 0.760593489632287 9.88122619313807
7.940000000 -0.095080992716868 0.85428422868917 0.972227108651878 -0.554208729208544 0.489787869849144 9.8402526608265
7.945000000 -0.81244849125503 0.943117384772337 0.572461456792644 -0.735619112726124 0.426335347549215 9.83337491868836
7.950000000 0.158200976046827 0.324704097269431 0.512537089880806 -0.0147913633914624 0.0615878808598909 9.76050685314996
7.955000000 0.733189585494431 0.542177372398869 -0.805826222433628 0.493783074195396 0.943534417051605 9.72380361192521
7.960000000 0.310580244898135 0.295368016369347 0.294244695126193 -0.199631886184044 -0.0285708117431825 9.88151310631709
7.965000000 0.423361585206986 -0.0317405746466204 0.0408581053097072 0.146152097334225 -0.385244079579247 9.95315737432924
7.970000000 -0.700656069303237 0.557982696014448 -0.742015100895434 -0.967466484740128 0.100160067481995 9.82322119283104
7.975000000 0.908454693811226 -0.150542501895941 0.892147907937014 0.219034937778039 -0.855174486457917 9.81264462155512
7.980000000 -0.214800703904964 -0.989456459874965 -0.72476460026799 -0.672876626100799 0.574145486380041 9.67506991910531
7.985000000 -0.155250917726779 0.910138719673333 -0.185937328816362 0.315605276876877 -0.962568271887753 9.68902761930247
7.990000000 0.556313084231835 0.106034250513666 -0.630690825931118 -0.343526849217493 0.558192927184604 9.85608918842302
7.995000000 -0.254916739303114 0.592315542321799 -0.314317443088776 -0.110091224829709 -0.221291856477639 9.71559378766563
8.000000000 0.891030813516598 -0.710225364989706 0.979995861640198 0.186413611837855 -0.0952217742312801 9.9223358387371
8.005000000 -0.859649781072349 0.133984058692113 0.717171286101067 -0.011600428731926 0.470759717501122 9.83321531953191
8.010000000 0.11927436809953 -0.519222085140283 0.222440695028026 0.804956925942077 0.370686690030008 9.89457244682867
8.015000000 0.565056278167784 0.225671682146225 0.658249043700401 0.456087091684382 0.515446317156519 9.70450817707999
8.020000000 -0.537010152608627 0.739053034102103 -0.860934560122404 -0.396659932749653 -0.126962908137107 9.75775155424365
8.025000000 0.129721094448921 0.686173459368839 -0.816134299997303 0.0596786137016856 0.338800207403861 9.69088494900807
8.030000000 -0.599661730043433 0.912244462367261 -0.736968499485854 0.771024959986575 0.913393300917648 9.9689067639239
8.035000000 0.998745716176343 -0.193875830245146 -0.0654633310928304 0.514192033332862 -0.55563092583587 9.8050496017241
8.040000000 0.316090405600188 -0.926517984795625 0.510698989737173 -0.810872503468242 0.929718741183038 9.83191270432488
8.045000000 -0.211387914238213 -0.283209993170206 -0.880881552529 -0.872587706834351 -0.363649639004678 9.8265107307216
8.050000000 -0.27883332468515 -0.151481630816814 -0.192286409061535 -0.365440024698824 0.621592403213304 9.85654883700495
8.055000000 0.134530150859864 0.206081961843223 -0.37541640613946 0.0689467261866419 -0.886559116601273 9.94021867460143
8.060000000 -0.870198504007514 0.0721474816427321 -0.273421500471151 -0.33727419811174 -0.868412684587954 9.73548080822239
8.065000000 0.642602878456285 -0.984133830286625 0.0596279776932802 -0.771910253805998 0.0525548006652643 9.88626488264408
8.070000000 -0.584645371690693 -0.301799482340831 0.815857108596646 -0.471635818235407 -0.681461363882507 9.87895429859645
8.075000000 0.783651957187639 -0.79950600201241 -0.477984486836001 0.897092840586367 -0.858832003483005 9.75613983329572
8.080000000 -0.263408263802253 -0.75218878861153 -0.0663047046709362 -0.131820948390207 0.763001796679107 9.9881052021755
8.085000000 -0.67092272717083 -0.821487207813881 0.633694421329393 0.381632074425757 0.95930744519425 9.69206635978358
8.090000000 0.40850305436575 0.0577575736948091 -0.0969737456631724 0.727041690483243 0.635327569039225 9.97281108724099
8.095000000 -0.320569343548533 0.702125990624598 0.316072364950586 -0.179401347031538 0.366570244248291 9.74592977299282
8.100000000 0.085116288198678 -0.974736559192993 -0.0286589679441689 -0.151881916053538 -0.661525456077198 9.77340895544719
8.105000000 -0.731261361265211 0.887417180411246 -0.950816108822271 -0.771953917002284 -0.402280283813495 9.86389467510581
8.110000000 0.733264461035498 0.984169498078604 0.984671069301977 -0.0866250624352252 0.403149022442824 9.70839218462399
8.115000000 0.484700378721906 0.982071171506341 0.556526463272295 -0.423731475800151 -0.914766848978944 9.8368211470381
8.120000000 0.489760835417435 -0.059993491070342 0.146800029625557 0.743483593567965 0.607558326612952 9.85411633721389
8.125000000 0.643584751358062 -0.771379511696929 -0.0521734259334269 -0.753707093071987 -0.765156741144674 9.9011195319314
8.130000000 -0.118517343475724 -0.316012977303943 -0.599199888109788 0.496983583782326 0.403208410089467 9.79566408212554
8.135000000 -0.538230986119355 0.564287905378401 0.601377623901413 0.0633009788875007 -0.379137912476034 9.94057863309758
8.140000000 0.183200784578547 -0.534477175927943 0.26760803128947 -0.17321446406339 -0.305856687624872 9.59936619727891
8.145000000 0.512103108461994 -0.174894239369265 -0.102905709810045 -0.207058891284773 -0.438195852301175 9.79657551342554
8.150000000 0.275560529565234 -0.119863459430571 -0.151895250730168 -0.245384716077421 0.839871413931191 9.85969304013742
8.155000000 -0.626825258893345 -0.0602347231750539 -0.467612505642517 -0.623517772007509 -0.292572606956853 9.83179180000183
8.160000000 -0.282586286441696 -0.473324318171164 0.470390678136791 0.790492156422926 0.45566225305929 9.71836461358727
8.165000000 0.775434894382691 0.177402064752487 -0.868666510967848 0.252363025793975 -0.859993676589799 9.80896705848031
8.170000000 -0.838490697480035 0.972370979363272 -0.702015165100813 -0.519587509110378 0.41362001533323 9.73661805433472
8.175000000 0.313017055072364 0.0349898464209353 -0.98176666162059 0.145549423594749 -0.710054080798316 9.85396274656456
8.180000000 -0.257169616994061 0.141737124482979 0.480643901732119 -0.481734723542693 -0.680860811695857 9.78178695498383
8.185000000 0.0188714093616564 0.903127868614685 0.447256584394377 0.180380711881621 0.875498847046634 9.85582510877228
8.190000000 -0.583599005631916 0.0809709704858115 0.235126371139254 0.46404279929774 0.208576131243527 9.87378777348358
8.195000000 0.693692849806367 -0.211021436010963 0.962456521560651 0.365917954298629 -0.45068483960381 9.88326603371169
8.200000000 0.630332853472947 0.9744492135823 0.810410820790758 0.949472042708412 0.586426604346571 9.74515780886059
8.205000000 0.484166989794079 0.855874138817132 0.785678725589849 0.359665836840712 0.601115557179374 9.86995519841827
8.210000000 -0.567945505291198 0.980591995632552 -0.0371715012179555 -0.874252656416154 -0.230429441309734 9.88955769867306
8.215000000 0.413880749332663 0.98547061066398 -0.388968737511415 0.0442136018742871 0.959919823314957 9.96548048314054
8.220000000 -0.997518796472586 0.402303198074132 -0.84835556049289 0.486648194252815 0.258177335959942 9.64086011356116
8.225000000 0.383795092526728 0.495098728451458 -0.123190556244548 0.911237990442309 0.379009796948642 9.7577263222431
8.230000000 0.93681163524129 0.108531347060824 0.535370538726156 0.428476933123766 -0.572582933852721 9.82732906268331
8.235000000 0.993464889001783 0.373867365240058 0.459890410983884 -0.0128494673468403 -0.0797862080297369 9.82630617778613
8.240000000 -0.0509801921672095 0.647631065755911 0.00918139564300957 0.795333837994995 -0.493076042967418 9.94638155295243
8.245000000 -0.695785523250599 -0.330557637536227 0.742102195388685 0.95147149728214 -0.519493346810105 9.72019361675578
8.250000000 0.189594330820066 -0.903072447470889 0.845795221554951 0.617011396967346 0.0461788396566076 9.83352609575637
8.255000000 -0.366389872211213 -0.884649865275551 -0.973205740551094 0.55382391975905 0.577721750167069 9.69850666823985
8.260000000 -0.936120945930537 0.63486354594811 -0.677924604936468 -0.429196987966633 -0.972159967744797 9.77662000571731
8.265000000 0.777701591969329 -0.154916978978979 0.179775264663517 -0.0327040772106052 -0.0579894264498676 9.84381560638512
8.270000000 0.0278331400024858 -0.081076624375338 0.355117179153076 0.0546274003827141 -0.527252704616288 9.84500674496648
8.275000000 0.459580486388682 0.534754444628374 -0.266707008363077 0.781655881452214 -0.894442544269582 9.93245211582525
8.280000000 0.756732476761906 0.376713540114795 -0.561428860557 0.534434068731234 -0.778203439795507 9.86017573166977
8.285000000 -0.356083111537659 0.0860373094147244 0.151996546030043 -0.070769863701784 -0.674195647087971 9.70128664411652
8.290000000 -0.386239539546072 -0.294667524888491 0.419330252995403 -0.926659054088713 -0.75991308119144 10.0282153778663
8.295000000 -0.594261756909202 -0.99305619857882 -0.074725168326276 -0.837529280147296 0.383657341535975 9.84708532080938
8.300000000 -0.0178076257080807 -0.801365221758077 -0.230738964504906 0.62610926275426 0.284672087656647 9.89565096957534
8.305000000 -0.898912732442335 -0.596507090887291 0.291397973565104 0.335544353972908 -0.275606283580701 9.90029466728935
8.310000000 0.0826568748255525 0.0323463664540771 0.217047281198691 -0.992068294432046 0.194817086306781 9.75552666196991
8.315000000 -0.793841475524866 -0.646029949954725 0.0903566522013195 -0.0245804400297722 0.980079312799535 9.64177556502306
8.320000000 0.985505180426643 -0.00223559094697034 -0.0610883799666019 0.276903153060425 -0.666691237905385 9.68435336464486
8.325000000 0.807029304936076 0.160560967009776 -0.34485066092799 -0.896623483810864 -0.00594282662772705 9.77989820528985
8.330000000 -0.685896172973279 -0.469472722834662 -0.915354246234221 0.508920913333502 0.131231899900004 9.87001967771064
8.335000000 0.810393481427055 0.490999438562896 -0.687190016585956 0.790472794226591 0.866028178420862 9.83683551246597
8.340000000 0.128436510976607 -0.459439703011624 -0.0718915411605926 -0.689501902875258 -0.0852541118325918 9.89470828359769
8.345000000 -0.161485720966703 -0.534883763424532 -0.148347312187938 -0.848005725000056 -0.458169715226707 9.68133021906487
8.350000000 -0.325322571827715 0.813753452065286 -0.917100530079147 0.0753202154651844 0.151143875509102 9.90844653386262
8.355000000 0.683765744643177 -0.567652169413703 -0.326559016167447 -0.990342752072188 -0.71611881149752 9.94954893107647
8.360000000 0.421252815714689 -0.797431169914748 0.722815796603829 -0.664001297049225 -0.0622934070705871 9.76893717573592
8.365000000 0.928215147893976 -0.799178618844216 0.923303132841039 -0.389263300872065 -0.172702579373821 9.78733108992727
8.370000000 0.673300776478509 0.575634025771 -0.196510159036382 -0.760379571356056 0.0395878837628234 9.89942648964899
8.375000000 -0.503087166465394 -0.0441505513359562 -0.406278613678309 0.771373204780451 -0.631832852788192 9.7924525152681
8.380000000 0.284857802691338 -0.743133166685297 -0.312130500242175 -0.0561511018574942 0.0144134503856364 9.70248125001046
8.385000000 0.226821345848414 0.971967699924469 0.53569714424 0.651311496110312 -0.117835410459822 9.91830927153505
8.390000000 0.44861834843113 -0.733466596218509 -0.827089983889409 -0.879413392338629 0.97956227230819 9.63001562157552
8.395000000 -0.558803946505675 0.444603203537223 -0.411742141196384 -0.584861911639972 0.535586146421538 9.71433970901726
8.400000000 0.196097596174151 -0.985343785018355 0.764292847255381 -0.789488953440212 -0.369259138297876 9.88346061288541
8.405000000 -0.119069174453183 -0.316075226904859 0.508873702729528 0.763095415086996 0.892922692882327 9.90167404144758
8.410000000 0.00235262652968649 0.621659861701382 0.462127648974828 -0.018085101162123 -0.708517289584743 9.74962702042637
8.415000000 0.983166908837467 -0.856543584659949 0.147816853200931 0.518753054327682 0.0826871781994996 9.78809093635174
8.420000000 -0.510740216593603 -0.896510151166706 -0.510704179066561 0.120000645108521 0.0124529744556421 9.87703815639648
8.425000000 -0.67855177711628 -0.513563446474058 0.656479215089455 -0.785629085165276 0.222255776274137 9.77475912828399
8.430000000 -0.273111078549694 0.0180396032603642 0.206523300710378 0.0183716318655627 0.556603308560608 9.84261420086726
8.435000000 -0.0948217274131354 -0.101132751023924 0.0585232698631115 0.987865450786364 0.373470817400827 9.74306887063016
8.440000000 -0.0172687550155766 -0.486336904338718 -0.60653050504929 0.96029409671216 -0.592953105267581 9.93522877265442
8.445000000 0.168755169570798 -0.514799412113987 0.89359482838474 0.895644091021104 0.503240191146378 9.98160576466026
8.450000000 0.861839985410608 -0.334933881338189 -0.400386285688908 -0.23298174293385 0.563933367637886 9.75198417021085
8.455000000 0.05585725654655 0.0215339320812067 -0.199865215085384 -0.44293262224781 0.77747997817466 9.72455539057151
8.460000000 0.743160126611199 0.477777368145891 -0.114132809040199 -0.810109224082022 0.541303477967765 9.78995717051749
8.465000000 -0.699643589416353 0.752472028952312 -0.394297263302979 0.803596602661347 -0.147409842883893 9.61648406710017
8.470000000 -0.815215423617147 0.463053815748102 0.481448399592865 0.748717944952062 0.121190799922306 9.74341832425383
8.475000000 0.257866038595264 0.48625691397407 -0.265884566710277 0.0353460158386016 0.269122943873109 9.82492622566001
8.480000000 0.282623274849087 -0.907837321007549 0.202173846402286 -0.176073248114471 0.907318502621408 9.77460193281613
8.485000000 -0.18647692407783 -0.860311865741532 -0.98872848506492 0.666113233038277 0.659406592910833 9.87569502365531
8.490000000 -0.901676121122053 -0.72096875762612 0.636004286648708 0.356189918404533 0.765288156347949 9.81794693463885
8.495000000 -0.825034374289696 0.597831422275785 -0.953305830225956 0.45758890055939 0.689994101268237 9.84331858858662
8.500000000 -0.690080937785134 0.815501050006366 0.804987517094699 0.123442138137036 0.955189184264834 9.93427227644402
8.505000000 -0.309029353460776 0.17009874487766 0.45878694553803 0.0287360777280927 0.03209051724155 9.84939202236432
8.510000000 0.330727301226336 -0.876303407305993 -0.51339568547597 0.0960154575742853 -0.506183687367562 9.79089583730263
8.515000000 -0.524028329888372 -0.822879273361936 -0.87362916202919 -0.834034229551458 0.425988742814394 9.83314709348939
8.520000000 -0.140650056833704 -0.821423278107039 0.38452492160002 0.648905313410286 0.793172498137305 9.98573175663938
8.525000000 0.104231645867336 0.851094575529497 -0.696344498403531 0.591923952843959 -0.0184910283510066 9.85331258090994
8.530000000 -0.269601739602909 -0.790563141829596 -0.653746466922456 -0.139175182738889 -0.121781203486855 9.85339016283817
8.535000000 -0.011809025430963 -0.536065714217753 0.412476123968361 -0.248530652024099 -0.800157910119816 9.8207084270058
8.540000000 0.814440384420771 0.704260160077484 -0.291902653543233 0.607612881626754 0.779755728216728 9.64377291657472
8.545000000 0.378195978411564 0.163227826898558 -0.5240886740033 -0.640295050870765 -0.202389370278637 9.82454622676517
8.550000000 -0.599031270294931 -0.825928231620196 -0.611166293551757 0.279187526218215 -0.00370302843102399 9.76517883248333
8.555000000 0.332116945335696 0.0556925325913786 0.14974765905633 0.146557328825145 -0.24004730826246 9.66772221876809
8.560000000 0.384946408395165 0.613742534822664 0.42369579310701 -0.236857613193271 -0.2230296392101 9.95262116099081
8.565000000 -0.908861010292946 -0.0493344287617759 0.102589879698395 -0.507892280587876 0.124737339618028 9.76416521952709
8.570000000 -0.894477743606306 -0.191083629238924 0.751325688209071 -0.158520449492391 -0.100528004160397 9.77636509359341
8.575000000 0.907064659477707 -0.0158298290408355 0.196833193859473 0.292011067872872 -0.402087295149494 9.86692595041816
8.580000000 -0.0505359447796531 -0.388724904222751 -0.871333640008854 -0.947946066012581 0.103382815189372 9.77566150868656
8.585000000 0.374438010796177 -0.538319645234532 -0.0702495347104266 0.479960267189872 0.270596725526544 9.73997587084848
8.590000000 -0.0213110824214812 -0.927430133301499 0.418364101750014 0.576601622429025 -0.306901146335016 10.0504419537247
8.595000000 -0.348481654817463 0.900948742358456 0.824510054581105 -0.219815294826317 0.953002676345875 9.8393684348311
8.600000000 0.958160550314076 -0.267678605051561 -0.112013318162418 0.228757274909298 0.413397548447082 9.88416411813133
8.605000000 0.428038397537562 0.61811437067488 0.172435081178525 -0.696224930554733 0.744467405483344 9.84348325003498
8.610000000 0.727725620254746 0.0694437898087519 -0.363650938199671 -0.320789693538467 -0.717321251387392 9.78897795193675
8.615000000 -0.931947888774773 -0.466838276696782 0.0350816720328675 -0.898359483991917 -0.970358082079495 9.74714482584664
8.620000000 0.216559742212556 -0.0166284549127466 0.607080111097116 -0.384614263374644 -0.838712121284898 9.8437904007475
8.625000000 0.338893578079945 0.977967512783579 0.484846957719348 0.715238514223713 0.140799018154293 9.89939953807712
8.630000000 0.891782883504304 0.0673610526450727 0.0650154860061665 -0.528058069538352 0.174549854907463 9.71299992486471
8.635000000 0.234708114170799 0.0347455716853708 0.0472841286320631 -0.255624954242085 0.0225480389886294 9.71049821954413
8.640000000 0.60062967129081 -0.250891230651592 -0.145506482173459 0.761917550005912 0.784227277051763 10.0253226438672
8.645000000 0.0659611369790329 -0.419512533312436 -0.161640631575901 -0.793239845797997 0.793060044661658 9.84362432770432
8.650000000 -0.843215142303712 0.864952579077777 -0.818008682605814 0.161888511461154 -0.925415894913215 9.82366621940922
8.655000000 -0.8389255226771 0.219182122135154 0.739126359922404 0.303103135574191 0.45828990333634 9.89216420780684
8.660000000 0.400777045358334 -0.802685910743981 -0.0404399647565745 -0.533261818593955 -0.222198444056417 9.68491088217683
8.665000000 0.420961075192765 -0.342593430235327 -0.744295473091442 -0.888636201568244 0.706330290858788 9.8904972316454
8.670000000 0.172768717246488 0.466095517140858 -0.00980589865232162 -0.0881049228311074 -0.230801347284951 9.7862281144591
8.675000000 -0.238732576015746 0.353324686807266 -0.342150262250635 -0.837955531588735 0.550638776063285 9.71992101214915
8.680000000 0.415329176660315 0.302280985425357 -0.100698068319214 -0.16370974814692 0.959687556121353 9.93663069807227
8.685000000 0.56749584319419 -0.0760295722056318 0.554339453370468 0.14187373926019 -0.0251290886779917 9.73178171674332
8.690000000 -0.674543990602039 0.90307981888907 0.0595347048060664 0.0946546621130102 -0.648436178289557 9.81692127775226
8.695000000 -0.335489501867206 -0.426085043431299 0.274875714105962 -0.78485072580392 -0.808675270438509 9.89389106456005
8.700000000 0.205939349348629 0.442891537883734 -0.557055841925114 0.165626904538659 -0.402102003526921 9.73137074456512
8.705000000 -0.685431363845911 -0.6140157979047 0.307267577996136 0.289439547476098 0.245344695283726 9.90121963131166
8.710000000 -0.876766886504724 -0.503386120080662 -0.334544633205302 -0.525203063862959 0.807799692176189 9.7450846426829
8.715000000 0.155435543114057 -0.1374961040623 -0.312540536426259 0.346760272675548 -0.233837741070351 9.84291550414376
8.720000000 -0.326059392339578 0.39635833697224 0.137728511885614 0.271838604133501 -0.213043454668039 9.85048681730461
8.725000000 -0.644642536362932 -0.255499979134416 -0.609035271969175 0.600702158920794 -0.035346683596888 9.92704062986131
8.730000000 -0.675342217867888 0.836958231328502 0.56268336603543 -0.867542526623021 -0.581521183988788 9.90899590462807
8.735000000 -0.987184557126455 0.292227127259703 -0.0793253681991833 -0.221022298196807 -0.476723802963609 9.94301807038203
8.740000000 0.27044714767041 0.888807821967084 -0.530944592101008 -0.942596307928952 0.858181083508851 9.71800875973774
8.745000000 -0.349212129297299 0.549893601587924 0.814240705135391 0.615441187105813 0.377937503800698 9.90590440510065
8.750000000 -0.177298200864949 -0.733989017891692 0.835052760241112 0.241180615146263 0.416322529975475 9.9702119078948
8.755000000 0.732047551186777 0.735769606072348 -0.791884325347787 -0.744676252708154 0.609858415839196 9.76544425188414
8.760000000 -0.151997194230555 0.921595959887652 -0.0622907453506676 -0.293816111653026 0.827883809724768 9.65190616081524
8.765000000 0.646531728863032 -0.266036860303039 -0.905887133398041 0.0244692326637308 0.719706708434833 9.67370862212114
8.770000000 0.0634514666457899 -0.437882722093669 0.783589121784823 -0.520226004310057 0.00193770183340547 9.79689544190571
8.775000000 -0.665546299733942 -0.882972356808825 -0.0106910006192936 0.944312117036577 0.0762226279248588 9.85857450711319
8.780000000 -0.636554490605627 0.762326934264194 -0.369590677958723 -0.808670681812181 0.858965061539302 9.92897803622987
8.785000000 -0.715905104631514 -0.23588613385143 -0.470033977865257 -0.996198397128004 0.56155434975473 9.71726176890435
8.790000000 0.819147818637615 -0.67020076870462 0.104779812090462 -0.178914480460302 -0.071516673579587 9.86977680579652
8.795000000 0.1307194238206 -0.455620229922058 0.207249143723049 -0.793057949185864 -0.0137706794840147 9.82911711241115
8.800000000 0.794193755739459 -0.238423194381605 0.541004149029499 0.653158817278761 -0.688291437778758 9.63996045825008
8.805000000 -0.0248809871379663 0.688621628884516 -0.400394938606953 -0.463326637383237 -0.0543478313155229 9.62544917994049
8.810000000 0.475614402198985 -0.733541010754901 0.58588550686179 -0.595902271380603 0.280150769874524 9.76479270646589
8.815000000 0.68533604856829 -0.125716100971082 -0.382187756422063 -0.328434631847048 -0.0938492794958172 9.887665018342
8.820000000 -0.64649670740892 0.822265095926013 0.773249493806274 0.512158899340853 -0.581931446484258 9.83219453813209
8.825000000 0.28504186928507 -0.8535673049528 -0.836511215118929 -0.553278953560292 -0.0887673185620305 9.68156027463054
8.830000000 -0.956799084300547 0.993330806490654 0.638074465858785 0.710235671936644 -0.595799000745546 9.8199091010082
8.835000000 0.994975881648704 0.490670290538422 0.770992970918768 -0.983783921219308 -0.808985234149259 9.74153775991681
8.840000000 0.103814599618229 0.351709919679775 -0.943323043148649 0.521883153133971 -0.899921574583241 9.90166909212022
8.845000000 0.403890179192596 -0.296954447076169 0.831841341141538 -0.684877139369434 -0.657851259996114 9.68282097269319
8.850000000 -0.461647816683002 -0.549684487073535 -0.90441467329134 -0.0574468174285473 0.773726026422217 10.0108946673464
8.855000000 -0.0936919884261173 -0.879076501298266 -0.284911668526433 -0.037015030643444 0.642806652767028 9.77816252356442
8.860000000 0.939455493325114 0.22755771187486 -0.422850231371285 -0.248303459607206 0.612907367578199 9.91631315199747
8.865000000 -0.941944866414156 -0.0242619202585248 -0.611402409901564 -0.977378441941635 -0.255560013118926 9.77440718734709
8.870000000 -0.0788372694881806 -0.224710146535519 0.892736386457801 0.827470742085702 -0.103786646902462 9.65980583086147
8.875000000 0.422991473890371 0.0108981640128876 -0.278616576119613 0.623278524551205 -0.364769204223887 9.75591599471625
8.880000000 -0.165649892373779 -0.767443316880354 0.326382828562699 -0.55274252479558 0.348058635065359 9.83214328585197
8.885000000 0.504132962554755 -0.455652240410285 0.428735327640891 -0.751427051495494 0.103720536969472 9.79747161990984
8.890000000 0.278492024763716 -0.357190280853394 0.397439492585808 -0.298516502277235 0.653707883159494 9.78969512662495
8.895000000 0.725615312217556 0.980168937696223 -0.136375033825811 -0.440034580156223 -0.787274380115454 9.9620842072732
8.900000000 -0.281597323381155 0.162973063608153 -0.0331019763988918 -0.777464361757722 0.707320823197868 9.75889103539114
8.905000000 0.582549632332544 0.2490395099153 -0.164075374214014 0.54475576688757 0.919706817678971 9.85292834910673
8.910000000 0.331088353568264 0.800614746194619 0.899682340165452 -0.0152037642035651 0.919437661729491 9.91979277344686
8.915000000 -0.795386701727 -0.862640120956414 -0.794981607140499 -0.582661081842455 -0.672632327150848 9.81135557742682
8.920000000 -0.624785649415471 -0.0549788023601188 0.268305987710276 -0.917464826217603 0.340654547950558 9.64322411864286
8.925000000 -0.0115459156276406 0.729501159735723 -0.532040054691974 -0.0918390988799925 -0.582220206773942 9.66804407856442
8.930000000 -0.769513555695076 -0.99260070547117 -0.763759421074651 -0.564900257422077 -0.855240826427583 9.66064142105633
8.935000000 0.653500259692548 -0.169438165225758 0.517897196820889 -0.971285390654246 0.775583032414123 9.81858102035163
8.940000000 -0.474382241943098 0.0048263170778875 -0.960558241214863 0.514071842429262 -0.265672524117712 9.84654362070596
8.945000000 0.378536903941322 -0.471407513819359 -0.0990245850286561 -0.949713152809866 -0.465365431022535 9.70912053655877
8.950000000 0.642039091159608 -0.122284967974892 0.200220755860312 0.786798264732025 0.318974003809958 9.80594101787207
8.955000000 -0.116778748629977 0.77682230704316 0.00118887284825964 -0.341195717147177 -0.436974509356997 9.82132535635466
8.960000000 -0.882735027877025 0.814483621071318 -0.397284908870833 -0.148407551994737 -0.678114674835519 9.78422156245234
8.965000000 0.750709076295937 -0.911825110163458 -0.460685073146916 -0.607816470604304 -0.146704096881069 9.78573815135935
8.970000000 0.968152281813394 -0.411127434769239 -0.893823924424976 -0.772922607964334 0.561346827801944 9.75455534736546
8.975000000 0.674974356626614 0.423243471152728 0.655568438421734 0.792239328749589 0.237727092224046 9.91809821115316
8.980000000 0.283231363298013 -0.352468507062862 0.260034645563008 -0.163228316774232 0.55220662502209 9.7493516614421
8.985000000 0.402927250323318 0.778242477112563 -0.727124431043456 -0.327174188255879 0.831759136091806 9.84141330361071
8.990000000 -0.531894758125718 -0.176954796154497 -0.0726674623194464 -0.527995059046892 0.385580904495707 10.082892885073
8.995000000 0.998777617699829 -0.305501432765974 -0.147205411990734 0.236504708992552 -0.0472179041463965 9.71636321310092
9.000000000 -0.855842142298744 -0.943848229918558 0.0727851423773846 0.696364482723346 0.0668954919403864 9.78462371884312
9.005000000 0.775974191620934 -0.93923839830758 0.142648553076502 0.607733326781417 -0.698210547537641 9.75375100165384
9.010000000 0.227392133896887 -0.526998925733845 0.241899635289749 -0.387026962538728 0.0485352208132555 9.81878314673656
9.015000000 -0.0246716677326111 -0.473677115269786 -0.716182453425686 0.928110429052315 -0.977050750505668 10.0075441935594
9.020000000 0.863471589918934 -0.797018065954101 0.234640744158365 0.651357622654809 -0.327195323690397 9.96062284786496
9.025000000 -0.362982126587528 -0.974296993564021 -0.939834671066997 0.685553094225728 -0.693467228530658 9.95118004959142
9.030000000 -0.739983489615835 0.0166834793131256 0.209971531857723 -0.717034240121504 -0.903381848662804 9.86596579448983
9.035000000 -0.388995553082319 -0.686455543938305 0.435686529351252 0.845645191076047 0.964902079647827 9.92868184895896
9.040000000 0.923944434115637 0.474608387553416 0.690929980804645 -0.856255408309519 0.638625185768411 9.76976853897649
9.045000000 -0.499563642544469 0.651102213026538 0.961196153406611 -0.193030871075127 0.384795838680489 9.84952760670304
9.050000000 0.927778109874473 0.807363714933099 -0.327102817281663 -0.622149023051443 0.0400683093071301 9.68848923982666
9.055000000 0.129546820712065 -0.343702488273244 -0.415753957543407 0.985806946636088 -0.66668118520951 9.86518449377249
9.060000000 -0.501017853385311 -0.757128048575077 0.374683577276153 -0.000581495929780185 0.893974165382783 9.83603565009403
9.065000000 -0.970058185965781 0.89521786658802 -0.0764176478033968 0.740687377630122 0.194019630176024 9.65843788292592
9.070000000 0.150818443461702 0.920606872029885 0.0638742386660884 -0.719634736757555 -0.423095616243359 9.7966520252927
9.075000000 -0.843689244167734 0.726587543136714 -0.0655280058577321 -0.191754175905024 -0.174371938768016 9.71606534869003
9.080000000 -0.567127356104146 -0.054908059097318 0.536191368259579 -0.760739723109053 -0.776138056896691 9.82211542222341
9.085000000 0.306820559923919 0.328497773654991 0.998804758302311 -0.145128348444183 0.195414586549352 9.72955254186867
9.090000000 0.148623067489184 -0.493134709770388 -0.373401707677823 0.725527451245825 -0.84501442957903 9.7216691844529
9.095000000 -0.380641954662577 0.570222643935225 0.119542151279534 0.444986106569407 0.00367678376085911 9.86599115801807
9.100000000 0.115751867702115 0.181489113337122 0.675809705478982 0.339613810805424 -0.252377705300403 9.656728610593
9.105000000 -0.0906854947519887 -0.665799793631676 0.713879059866946 -0.647694443188465 -0.319566764551944 9.99938679371828
9.110000000 -0.411970422329367 0.0141564174621163 -0.800197970029059 0.22378022746359 0.325452744646674 9.67423990661895
9.115000000 -0.735853818122229 0.797679654228352 -0.384345178205681 0.909443926955314 0.234229081885065 9.60829193930254
9.120000000 0.0710204993705361 0.838555334992034 -0.279673366471973 0.558078606407195 0.892998188684228 9.80372569931754
9.125000000 -0.806687539353356 0.757820529750465 0.154618250743774 -0.126254302973977 -0.379677343824728 9.83020918357171
9.130000000 0.0279455152470365 -0.619420745232804 -0.567867538690505 -0.646601741037612 0.199739331006882 9.96143598306493
9.135000000 0.0238149860053394 0.414047975751594 0.373329438908645 -0.741955933040919 0.145454664316706 9.71797530663786
9.140000000 -0.69718218766953 0.888409486919832 0.774553770094436 -0.804183999916624 0.747521741198153 9.85939073968784
9.145000000 0.576315767865775 -0.847253055240611 -0.18542010112918 -0.803361576890276 -0.833463957455691 9.88744384350655
9.150000000 0.375936378434271 0.837123119196446 0.547879817685056 -0.424324291490169 0.0632584500421112 9.8463187078742
9.155000000 -0.654882497924791 -0.0942243892206924 0.877153138572887 0.513200355467014 0.122250774466549 9.76329975914914
9.160000000 -0.624213049944589 0.149131582653677 -0.284700217323704 0.373915645002348 0.0899657844984745 9.87209467418022
9.165000000 -0.100097193894953 0.893244631538747 -0.112319810833931 -0.724160815460682 0.730367749803871 9.62001557227592
9.170000000 -0.218167022437866 -0.108923885556368 -0.11930036503789 -0.457846075975264 -0.696033226184562 9.76392963998807
9.175000000 -0.260982507495667 -0.429819690729407 -0.638909138570963 -0.859372666040143 0.466984852900256 9.7389377220283
9.180000000 -0.889206544444527 -0.620275298887992 -0.526099814812699 0.63745604531721 -0.71572961645002 9.90592760033496
9.185000000 -0.144601210553479 -0.781665134141997 0.460012375125667 -0.414233461680931 -0.346105128222194 9.9217212151547
9.190000000 0.202603381687125 -0.739907628735484 0.977881773364675 0.506570155502563 0.485909509233157 9.86794231685213
9.195000000 -0.214341260126951 0.655313251379557 0.645261104984796 -0.103547804571478 -0.964962048439757 9.73761544758406
9.200000000 0.0813154480798708 0.864562917437667 0.503481526627895 0.936714237526392 -0.917102217635653 9.73481265431834
9.205000000 0.275021168065733 0.901873512147867 -0.827479496517908 -0.522375450247142 -0.838034116587618 9.86303225056995
9.210000000 0.872802393451707 0.572205201523474 0.720665699672264 -0.761643272713592 0.0351816700003955 9.79460626124009
9.215000000 0.402776634973836 0.928707931157531 -0.200395936705356 0.936684875719568 -0.751983733732246 9.70449931756563
9.220000000 -0.379061770336266 0.9900128608523 -0.758011965899734 -0.206541266854173 -0.532362590326165 9.65640687222856
9.225000000 -0.948170690773134 -0.479925405923242 -0.876283113787083 0.924631702678572 -0.907720205331091 9.82228422336368
9.230000000 -0.649292975500828 -0.943341593231699 0.807904239654496 0.753483659473007 0.985366337925832 9.89119013778082
9.235000000 0.984880396157913 -0.693938438638085 0.375561900146101 -0.300127911986843 -0.353823916685685 9.73852765413854
9.240000000 -0.210041137044337 0.157522358539292 0.292118034927229 0.733819872948257 0.609354473468547 9.70103051109244
9.245000000 0.577453945566646 0.431567474935002 0.473635727294551 0.928160970065818 0.488225882634626 9.85925651761992
9.250000000 0.889048269898187 0.371813161937433 0.706974823822721 -0.622523917640803 -0.136770513438047 9.72884006552738
9.255000000 -0.608272692937531 0.329713727966749 -0.764708484413432 0.081612255927926 -0.782122155549993 9.84298934586573
9.260000000 -0.240929748509512 0.848489087935765 -0.146056776468669 0.0129647185155026 0.581560446685907 9.88827608111898
9.265000000 0.554089744367678 -0.167225292496022 0.087175360455725 0.0423156260709816 -0.885685326478298 9.81086384820336
9.270000000 0.914737887640827 0.0643766695001986 0.242654023339345 -0.693534806228026 -0.605909603464375 9.70045868575528
9.275000000 -0.496804082531856 0.627212064167118 -0.878035879637131 0.262266168958631 0.47570115117156 9.81889396541142
9.280000000 0.0984296142581988 0.634369866752238 -0.783724011752626 -0.347480642305445 -0.532855426675107 9.76278880928786
9.285000000 -0.927728663164996 -0.789257170534347 -0.415177810664837 -0.787095514026981 -0.566374501942831 9.69366394504005
9.290000000 -0.969962116316875 -0.540578854987667 -0.34517142053003 -0.57587171978125 0.937366684869568 9.65816496919024
9.295000000 0.670118092405665 0.158060642498574 0.702828770365021 0.145819242645902 -0.866032013607226 9.83416046100491
9.300000000 0.612429522728748 -0.58064317218058 0.884916958345527 -0.92042590394636 0.72280817652252 9.88025252797405
9.305000000 0.790494771576717 0.245855533166721 -0.992016000669457 -0.775879731297437 -0.788483252650352 9.74515324416092
9.310000000 0.684172267878508 0.227312233870529 -0.334317088748476 0.621538951816754 0.270218262109076 9.80683602626993
9.315000000 -0.140159925976843 0.764930322656841 -0.91384440377068 -0.00619193958406894 0.742989978633351 9.84346839353601
9.320000000 -0.291406736379213 -0.888877381518892 0.434993596484416 -0.568598559856693 0.690874560592172 9.84224891124548
9.325000000 0.341882472551373 -0.76553504809995 0.705489600871452 0.553399219901021 0.459216074766226 9.82640253372052
9.330000000 0.505285488211217 -0.539363238746004 -0.235072707401157 -0.224496249679707 -0.83758380722142 9.81359095241711
9.335000000 -0.408040833383818 0.801995701064354 -0.983935672782332 -0.66505085568179 -0.90876786313428 9.77799664546068
9.340000000 -0.64660739323432 0.125362241233402 0.231226840629814 -0.95573283357347 0.221389180618054 9.73114041269442
9.345000000 0.692172746030694 0.231126099466871 -0.883329128792197 0.151388819865598 0.509099353807559 9.81240963858545
9.350000000 -0.627738517535729 0.0597044532465303 0.789888592339069 -0.465322324757149 0.886733298137194 9.73889053575078
9.355000000 0.307724396375811 0.572998271124902 -0.186358391859736 0.398956533241531 0.815268259409474 9.86878785557733
9.360000000 -0.787071968329638 -0.149238326190616 -0.112283432442827 0.738564531197103 0.414033326047488 9.96872842280828
9.365000000 0.731278133453465 -0.521210017391113 0.442328918465566 -0.973944705898848 0.493174824627663 10.0212589148919
9.370000000 -0.650731924758634 -0.0275069545151233 -0.211207888653133 0.9062020191486 0.451185509306931 9.74944778072708
9.375000000 0.495473040964209 0.294468547820332 -0.231162629663554 0.694254974692247 0.463129413064164 9.93043472613481
9.380000000 0.248971537337159 -0.98801968432405 0.414621975000306 -0.336995137546675 -0.408130370736183 9.93819091682834
9.385000000 -0.650796943181565 -0.643722588961815 0.450628377241375 0.434962804166117 0.639340828004918 9.74879452391154
9.390000000 0.706098470700019 0.858641358957924 -0.47535055385686 0.185298759110877 -0.876531524526203 9.77775647146736
9.395000000 0.714377461799596 0.94289671906405 0.290515709338019 -0.161358790081627 0.618954163798575 9.87008404193789
9.400000000 0.202492108197181 0.442491155789462 0.417888742600516 0.396201166974474 0.765638918506745 9.74038232437008
9.405000000 -0.362731259950777 -0.517132480403936 0.549804779491296 -0.723390432877182 -0.717236028852517 9.83201644915491
9.410000000 0.174161200958379 0.939370461711367 0.249514439725091 0.653928507889588 -0.168323693409713 9.83234103088606
9.415000000 -0.338320739259161 -0.346845362962617 -0.750644473242874 0.864171368938019 -0.904354207173155 9.87221295532017
9.420000000 0.94823559836868 -0.70738832266414 0.976126686658769 -0.41449566251342 -0.224520803068076 9.9172491523605
9.425000000 0.483192092498388 0.566856412015323 0.0471056108582326 0.299094078735958 -0.203751636298258 9.78503521239517
9.430000000 0.875195318774877 -0.929859153893711 0.00965470495152032 0.472020544797192 -0.807667138896728 9.7225629524806
9.435000000 0.465342453431963 -0.0628445404874368 -0.28181650921787 0.560988246258808 -0.395600272061117 9.70862459882219
9.440000000 -0.728832296900839 0.398399642388523 0.138139663794143 0.0466469009624082 -0.075668893324057 9.84778303388656
9.445000000 0.706617277910289 -0.636641656810716 0.373262490785337 -0.0549181835050314 -0.590878853383883 9.99639865720491
9.450000000 -0.279521646573917 0.207555524635853 -0.769036332969105 0.40827828618152 -0.938432353520036 9.77119468535997
9.455000000 0.257294365790344 -0.0501665263670341 -0.241692836974604 -0.320432678479903 0.502468799940529 9.80257324082753
9.460000000 -0.923878232913035 0.00229807058456255 -0.35913796879311 -0.818988163871219 0.409821269758894 9.87738180940405
9.465000000 -0.428669646116285 -0.293729994117157 -0.938479636767171 -0.0195484985688461 0.954727815443057 9.75126412388823
9.470000000 -0.715701450461383 -0.369808980901637 -0.916515545880662 -0.654133803981419 -0.673502861370101 9.95039458304368
9.475000000 0.378751673446387 0.883924497237394 -0.73664117405966 -0.118779527544407 -0.0866006366380493 9.80676214898522
9.480000000 0.343623860433522 -0.83730903446549 0.170532966577696 -0.246554869807584 -0.629337023771059 9.80507138876989
9.485000000 0.209810488489368 0.931404040163105 0.922444832475132 0.164538303001103 0.00814706599719228 9.83253949031409
9.490000000 -0.0481367963590364 0.923228925989582 0.638311812485713 0.278360342270862 -0.64785287512832 9.91692742086791
9.495000000 -0.35214635792754 0.125510672631446 -0.38788072922634 0.561253006365734 0.466836462480406 9.74410608036216
9.500000000 -0.703360828432888 0.721307103392345 0.563905452175022 -0.332697852203947 -0.775152415863775 9.87252253989682
9.505000000 0.365193168337081 0.53174031038384 -0.400803624373304 -0.626659766597049 0.85341249492644 9.77604656402098
9.510000000 -0.637830228376123 0.304097661424474 -0.916363961024379 -0.285683103504443 -0.93197319374046 9.74731960966171
9.515000000 -0.928701442633151 0.0573349646559613 -0.722866546233588 0.538135019847255 0.191283170688564 9.86441242853253
9.520000000 -0.450785306957916 0.912500794004882 -0.844775510879595 -0.225937722821691 0.346289922178858 9.78161156118564
9.525000000 0.296260278344276 -0.192083274569401 0.0848233239188898 0.149672772339393 0.246857571996216 9.56879236898392
9.530000000 -0.161385911126335 0.055670952915992 0.825894898653913 0.115747542640077 -0.406194028168076 9.80711305016613
9.535000000 -0.494899590264493 -0.507130174668101 -0.145097892333333 -0.339675101144088 0.266932103441531 9.87894046229717
9.540000000 -0.0873248805698589 0.721105146091946 -0.71643082225529 0.997498444280354 -0.129222082499984 9.68622372772225
9.545000000 0.139454092429697 -0.197185549511195 -0.135689103573416 0.462798331614024 -0.0744519099008534 9.76383126164661
9.550000000 -0.120090278387112 0.498160215792321 0.0744312298830745 -0.176435146097296 -0.559438471477217 9.93488871641775
9.555000000 -0.760143461525507 -0.416633217323866 0.496655666034974 -0.335298594709159 -0.940980765009756 9.76248281432022
9.560000000 -0.593170772117176 0.256584468882803 0.87301516247588 0.154936845020827 -0.91768914457303 9.80772960847658
9.565000000 -0.524732415343045 -0.116700615322544 -0.204694958033364 -0.293374151593714 -0.352538436349732 9.94518930438304
9.570000000 0.197819500788031 0.838310240692604 -0.649063861765463 0.638381029310814 0.417841880311185 9.93803576802637
9.575000000 -0.749262399854726 -0.569499669396085 -0.677600176854804 -0.690243164864482 -0.160168884862293 9.91686611272431
9.580000000 0.964790843410786 -0.474639590584971 -0.598402811958642 -0.952898302093567 0.537829663389283 9.78705396196031
9.585000000 0.242647867297124 0.789028491726624 -0.280276903547476 0.890109430947392 0.488687776722334 9.71318230319789
9.590000000 0.321912347023334 0.768416854445085 -0.675111694110144 -0.260245773596804 0.435787671914225 9.8552280642804
9.595000000 0.689233301994034 -0.28014753166593 0.99628210812634 -0.470935583799582 0.428058842862052 9.84378568198665
9.600000000 0.173987765411841 -0.822678052737693 0.439951383247949 -0.288182571198876 -0.463329570118026 9.89234174708251
9.605000000 -0.777296677128084 0.444637772368564 0.66942772812649 0.711391100525572 -0.0717601213007049 9.77916725599288
9.610000000 -0.144674703080521 -0.277213317936851 -0.0100935478741738 -0.708887032097619 0.981519653453268 9.83167853450263
9.615000000 -0.377452295914969 0.975542130868669 -0.0718799080103076 0.796535469496872 -0.847135921869025 9.73136856729204
9.620000000 -0.198253693617067 0.233267574214036 -0.531147194807952 0.0244496292548486 -0.322094654348723 9.92792575446247
9.625000000 0.225188976724255 0.133739105953713 0.856297451004524 -0.919485727287589 0.856525788016862 9.74226354936966
9.630000000 -0.676814170403785 0.708615765771184 0.876044970879352 -0.0542664663187538 0.684157896639853 9.87960734417631
9.635000000 0.172236536244041 0.250621900544791 -0.473443518147545 0.973982842626973 -0.516110526172496 10.0799043103939
9.640000000 0.133689821294364 0.734273200730921 -0.232059956170646 -0.641121202912704 -0.131987694246689 9.7494942768757
9.645000000 0.470441397032906 -0.188979689585501 -0.437416465691019 0.704004395615311 0.160285791922494 9.87990725273105
9.650000000 -0.275011008267762 0.17147415744675 0.301177564682987 0.897225527976279 -0.577903942939781 9.80220141926485
9.655000000 -0.176856666420054 -0.130359158446248 -0.932219650564818 0.956833154874311 -0.39608595864665 9.85881648075868
9.660000000 0.459957888098414 -0.244894979170009 -0.803535559123166 -0.0696007158000026 0.566125332175812 9.7039066178045
9.665000000 -0.16957009638174 -0.320817361269527 -0.790117255314308 -0.389572402178111 -0.399993432406333 9.81922099984079
9.670000000 0.810562056401075 0.375760752417036 0.222221087302184 -0.767341887470028 0.203494798952478 9.78421672934791
9.675000000 0.963070298527866 0.2064239937842 0.983471287406735 -0.433015661050107 -0.957855612951264 9.70713653377283
9.680000000 -0.567498440652852 -0.3795864094885 -0.00557689788079674 0.0669052391624567 0.346824713678483 9.8420058877793
9.685000000 -0.564719396440647 -0.653905555444726 -0.8042046426815 -0.490136207775276 0.671090004812502 9.80191435804267
9.690000000 -0.760984473750454 0.0891193426629153 0.986740548157478 0.377659169667242 0.11575747519534 9.85278040883378
9.695000000 -0.483204816227409 -0.373772450431144 0.398411999176448 -0.444294129239532 -0.871670175283994 9.65665872438786
9.700000000 0.0731138480236353 0.785504100744381 0.627736623225611 -0.580061438297881 0.610357106481845 9.90564452545036
9.705000000 -0.821201209826954 -0.558873954023642 -0.715679961124286 -0.582185683577408 0.530245388639274 9.77974098136322
9.710000000 -0.779128569075432 -0.620443351390047 0.745231624574043 -0.262333384371518 0.00578419817880915 9.89844784736066
9.715000000 0.596343881262626 -0.915546516848517 0.69494540695797 -0.330542270713738 0.869957583895865 9.97640969973305
9.720000000 -0.303493471491846 0.0660423101233516 0.525952399487585 -0.583574526749353 0.238483687508145 9.83838123650022
9.725000000 -0.47742005413278 -0.908245539249967 0.835096794103783 -0.947174665493506 -0.637184953148097 9.67777205730463
9.730000000 -0.989873073059075 -0.555940178016173 0.321353094336275 0.0159111260510567 0.587703445734318 9.82581633788047
9.735000000 -0.300820937054614 0.844970555903842 0.853505055351884 -0.430863353158749 0.167652584224778 9.84401217995981
9.740000000 0.656857635666084 -0.911980993073425 -0.335290180209694 -0.820562419398018 -0.820226532323391 9.77567741374314
9.745000000 -0.869623108706262 -0.0689088865504176 0.126274994167627 -0.859496180834014 0.37515093543341 9.74752427283206
9.750000000 0.0623536673664831 0.306440093231592 -0.853098294629296 0.761532730311869 0.151410648204112 9.77933120321418
9.755000000 -0.0566918938684705 -0.619879287490565 -0.816777654838179 -0.0477482383361777 0.955524447353335 9.7595443004459
9.760000000 0.791819663621401 -0.268400593320094 0.364195536526011 -0.975917422201446 0.27418792213974 9.66773524561732
9.765000000 0.635076247917058 -0.669675374249777 -0.151908997051376 -0.208508807797222 0.293179005986629 9.85015170204817
9.770000000 0.440487473011244 -0.997353224082549 0.568405166067372 -0.616204421788549 -0.617232511573114 9.71262158437484
9.775000000 -0.784565558556731 0.535726444579534 0.950674017868319 -0.232739620484756 -0.599884631857222 9.86061778441857
9.780000000 0.766576258356951 -0.226952292596433 0.258883332488538 -0.278250050394912 0.173510622779611 9.78145792561108
9.785000000 0.685450771677052 -0.65474641865806 0.932046295112021 0.783382057111423 0.785334293630595 10.0506015717986
9.790000000 0.606670470725126 -0.398870845045369 0.609617343921967 0.989437959152012 -0.647243334747499 9.75879937854054
9.795000000 -0.518608871623226 -0.721596089993416 0.335451486211015 -0.118493503480448 -0.979102410366341 9.8798878894489
9.800000000 0.607358979809731 0.904700733676879 -0.490776202404302 -0.219130397410658 -0.20133968778017 9.66611375923165
9.805000000 0.906551954292949 -0.265482477501725 -0.732506859923018 0.691886246992222 -0.661458783625373 9.85568382232052
9.810000000 0.901346284850196 -0.472674644306616 0.934649645320442 -0.745897050828625 0.472990039490624 9.8438568004576
9.815000000 -0.459216551603385 -0.842254458853162 -0.164112336544372 -0.438318961969725 -0.00794318644699787 9.75564200703346
9.820000000 0.386405797389525 -0.141621316383416 0.380285395952074 -0.814933891321967 -0.580322943432407 9.7138444490683
9.825000000 -0.0827258550947186 -0.0633296673481025 -0.981884743078558 0.255815361279908 -0.76311253838386 9.74189215271542
9.830000000 0.463148624386242 0.135676691837458 -0.607663305293612 -0.0638613361231337 0.398056230227489 9.8571597608402
9.835000000 0.372376292651694 0.726407495199892 -0.499479284276943 -0.635566894726626 0.208112558912538 9.6211472965486
9.840000000 0.708054286291848 -0.655865706343141 -0.220415535951227 -0.872268658071881 -0.473109083004812 9.88478697460605
9.845000000 -0.614568010724414 -0.527924390289897 -0.300019576819623 -0.377680548176952 0.407898878402961 9.70178891512569
9.850000000 0.036684162466174 0.152889892995772 0.807186166666069 -0.565259608237659 -0.632479357362017 9.83688299645767
9.855000000 -0.575886509183741 -0.125899214821821 -0.895669959436948 0.632226049728797 0.723776387853444 9.84397923792663
9.860000000 0.41231323378734 0.00632886914831077 0.55956201607341 0.939204150782528 -0.544909474228001 9.73798257433701
9.865000000 -0.514402022359149 -0.916650365999271 0.462841966870633 0.893496856975135 0.984357105560767 9.83137896427847
9.870000000 0.376285057224466 -0.428269475432238 0.455781658857959 0.743805699862449 0.26943652111545 9.8771881568685
9.875000000 -0.296537487440061 0.588032675715179 0.325776061660506 -0.572761099586618 -0.343788386016986 9.90708492715802
9.880000000 -0.992271003309763 0.0139398607490304 0.432153958562833 0.391098209373233 0.854462375796615 9.89325902003157
9.885000000 0.811248792247497 0.458804948003406 0.540699506895942 -0.42420684985081 -0.520153785832298 9.85601860126144
9.890000000 -0.339209737879787 -0.583039804167598 0.76498960040742 -0.855507103658983 -0.889489792235889 9.85086701836336
9.895000000 -0.104308986619259 -0.61126281396079 -0.0111932647466628 -0.245239412991907 -0.542737967121758 9.79647946438631
9.900000000 -0.438404069951924 0.605546134340365 0.856089239873034 -0.583941694155308 0.52329807054405 9.84854165267184
9.905000000 -0.210657969680921 0.27406215447656 0.910340012940736 0.269188244486781 -0.808953283265677 9.67253369761998
9.910000000 0.474823882558767 -0.0301942830114599 -0.00367012387312493 0.585334090322877 0.438257829955899 9.68265243899315
9.915000000 0.117592633290958 -0.989572905930492 0.0887094294134105 0.574854667100522 0.558083165231199 9.87228230786843
9.920000000 -0.464262599807355 -0.609054190855964 0.226472017926384 -0.730899952226737 0.725492671935583 9.87430737302508
9.925000000 0.285002292732244 0.734208918984145 -0.306303630259961 -0.510181590686637 -0.413954102161319 9.89578068290522
9.930000000 0.753854342621683 -0.102118043742198 -0.688768779714019 -0.224525298562145 0.23183079866312 9.6989152268575
9.935000000 0.00367852067746144 -0.656015039261437 0.582641834198796 0.0435242173464616 -0.536335944913484 9.80668887481679
9.940000000 -0.15876461712586 -0.834068830047766 0.268501503983746 -0.433271946121599 -0.818254781802303 9.83840516040601
9.945000000 -0.454127375713609 -0.103742893367886 0.956565920243303 0.131918522125072 0.06477735893092 9.69842686895107
9.950000000 -0.685927999059636 0.0255255163766097 0.594106402990458 0.545902800534807 -0.545650630046451 9.82326604517634
9.955000000 -0.276006840763617 0.449084861878811 -0.49844789295385 0.187657215254222 0.899374434677593 9.78578696741644
9.960000000 0.606942429955556 0.455560174517129 0.307337870498811 0.788687648153253 -0.732776120180626 9.68332819040807
9.965000000 -0.593844285977001 0.212001077463851 0.94501502716216 0.470933072953919 -0.371808876922265 9.80057321105764
9.970000000 0.684834838698076 0.883671177496981 -0.511834076378417 -0.860815792279698 -0.736320624936521 9.80703721528146
9.975000000 0.803693813180408 -0.90123579553386 -0.824670250445916 0.703068247858001 0.539775464469462 9.84791971473368
9.980000000 0.817948594604595 0.751015934977222 -0.0645944583530512 -0.914827525576031 0.260914541436785 9.934003800901
9.985000000 0.40284177726267 -0.156715994308105 0.138003328413704 -0.968967100590918 0.502593328013361 10.0654368260626
9.990000000 0.311239278554562 0.461461947980086 0.326612373500416 0.574918654549363 0.816070899281684 9.89589359699416
9.995000000 0.0225886753865465 -0.262079061596691 0.322832959388771 -0.437635861075314 0.100309358490775 9.79670019376963
